"Taxon Name", "Synonym", "Name According to"
"Acroptilon repens", "Rhaponticum repens (Linnaeus) Hidalgo", "Susanna, A. & N. Garcia-Jacas. 2007. Tribe Cardueae Cass. (1819). pp. 123-147 in J.W. Kadereit & C. Jeffrey (eds.), The Families and Genera of Vascular Plants (K. Kubitzki, ser. ed.), VIII. Flowering Plants - Eudicots. Asterales. Springer Verlag, Berlin."
"Alnus viridis subsp. crispa", "Alnus alnobetula subsp. crispa (Aiton) Raus", "Greuter, W. & E. Von Raab-Straube. 2011. Euro+Med Notulae 5. Willdenowia 41: 129-138"
"Alyssum murale", "Odontarrhena muralis (Waldstein & Kitaibel) Endlicher", "Koch, M.A., M. Kiefer et alii. 2017+. BrassiBase v. 1.2. http://brassibase.cos.uni-heidelberg.de/"
"Amerorchis rotundifolia", "Galearis rotundifolia (Banks ex Pursh) R.M. Bateman", "Bateman, R.M., K.E. James, Y.-B. Luo, R.K. Lauri, T. Fulcher, P.J. Cribb & M.W. Chase. 2009. Molecular phylogenetics and morphological reappraisal of the Platanthera clade (Orchidaceae: Orchidinae) prompts expansion of the generic limits of Galearis and Platanthera. Annals of Botany 104: 431-445"
"Ammophila", "Oenothera oakesiana (A. Gray) J.W. Robbins ex S. Watson", "FNA Editorial Committee. in prep. Flora of North America north of Mexico. Volume 10. Magnoliophyta: Rosidae to Elaeagnaceae. Oxford University Press, New York."
"Ammophila", "Oenothera oakesiana (A. Gray) J.W. Robbins ex S. Watson", "FNA Editorial Committee. in prep. Flora of North America north of Mexico. Volume 10. Magnoliophyta: Rosidae to Elaeagnaceae. Oxford University Press, New York."
"Ammophila", "Oenothera oakesiana (A. Gray) J.W. Robbins ex S. Watson", "FNA Editorial Committee. in prep. Flora of North America north of Mexico. Volume 10. Magnoliophyta: Rosidae to Elaeagnaceae. Oxford University Press, New York."
"Ammophila breviligulata", "Calamagrostis breviligulata (Fernald) Saarela subsp. breviligulata", "Saarela, J.M., R.D. Bull, M.J. Paradis, S.N. Ebata, P.M. Peterson, R.J. Soreng & B. Paszko. 2017. Molecular phylogenetics of cool-season grasses in the subtribes Agrostidinae,Anthoxanthinae,Aveninae, Brizinae, Calothecinae, Koeleriinae and Phalaridinae (Poaceae, Pooideae, Poeae, Poeae chloroplast group 1). PhytoKeys 87: 1-139"
"Anagallis arvensis", "Lysimachia arvensis (Linnaeus) U. Manns & Anderberg", "Manns, U. & A.A. Anderberg. 2014. New combinations and names in Lysimachia (Myrsinaceae) for species of Anagallis, Pelletiera and Trientalis. Willdenowia 39: 49-54"
"Anemone acutiloba", "Hepatica acutiloba de Candolle", "Mosyakin, S.L. 2016. Nomenclatural notes on North American taxa of Anemonastrum and Pulsatilla (Ranunculaceae), with comments on the circumscription of Anemone and related genera. Phytoneuron 2016-79: 1–12"
"Anemone americana", "Hepatica americana (de Candolle) Ker Gawler", "Mosyakin, S.L. 2016. Nomenclatural notes on North American taxa of Anemonastrum and Pulsatilla (Ranunculaceae), with comments on the circumscription of Anemone and related genera. Phytoneuron 2016-79: 1–12"
"Anemone canadensis", "Anemonastrum canadense (Linnaeus) Mosyakin", "Mosyakin, S.L. 2016. Nomenclatural notes on North American taxa of Anemonastrum and Pulsatilla (Ranunculaceae), with comments on the circumscription of Anemone and related genera. Phytoneuron 2016-79: 1–12"
"Anemone patens var. multifida", "Pulsatilla nuttalliana (de Candolle) Berchtold ex J. Presl", "Mosyakin, S.L. 2016. Nomenclatural notes on North American taxa of Anemonastrum and Pulsatilla (Ranunculaceae), with comments on the circumscription of Anemone and related genera. Phytoneuron 2016-79: 1–12"
"Arabis pycnocarpa var. adpressipilis", "Arabis adpressilis (M. Hopkins) Al-Shehbaz", "Al-Shehbaz, I.A. 2017. Nomenclatural adjustments in North American Arabis, Chinese Hilliella, and South American Neuontobotrys (Brassicaceae). Harvard Papers in Botany 22: 141-144"
"Arabis pycnocarpa var. pycnocarpa", "Arabis pycnocarpa M. Hopkins", "FNA Editorial Committee. 2010. Flora of North America north of Mexico. Volume 7: Magnoliophyta: Salicaceae to Brassicaceae. Oxford University Press, New York."
"Arctophila", "Gentianella propinqua (Richardson) J.M. Gillett subsp. propinqua", "FNA Editorial Committee. in prep. Flora of North America north of Mexico. Volume 14. Magnoliophyta: Gentianaceae to Hydroleaceae. Oxford University Press, New York."
"Arctophila", "Salix arctophila Cockerell ex A. Heller", "FNA Editorial Committee. 2010. Flora of North America north of Mexico. Volume 7: Magnoliophyta: Salicaceae to Brassicaceae. Oxford University Press, New York."
"Aristolochia macrophylla", "Isotrema macrophyllum (Lamarck) C.F. Reed", "Ohi-Toma, T., T. Sugawara, H. Murata, S. Wanke, C. Neinhuis & J. Murata. 2006. Molecular phylogeny of Aristolochia sensu lato (Aristolochiaceae) based on sequences of rbcL, matK, and phyA genes, with special reference to differentiation of chromosome numbers. Systematic Botany 31: 481-492."
"Asplenium trichomanes-ramosum", "Asplenium viride Hudson", "Missouri Botanical Garden. 2011+. Tropicos.org.  www.tropicos.org"
"Atriplex dioica", "Atriplex suckleyi (Torrey) Rydberg", "FNA Editorial Committee. 2003. Flora of North America north of Mexico. Volume 4: Magnoliophyta: Caryophyllidae, part 1. Oxford University Press, New York."
"Boechera dentata", "Borodinia dentata (Rafinesque) P.J. Alexander & Windham", "Alexander, P.J., M.D. Windham, J.B. Beck, I. Al-Shehbaz, L. Allpin & C.D. Bailey. 2013. Molecular phylogenetics and taxonomy of the genus Boechera and related genera (Brassicaceae: Boechereae). Systematic Botany 36: 192-209."
"Boechera laevigata", "Borodinia laevigata (Muhlenberg ex Willdenow)  P.J. Alexander & Windham", "Alexander, P.J., M.D. Windham, J.B. Beck, I. Al-Shehbaz, L. Allpin & C.D. Bailey. 2013. Molecular phylogenetics and taxonomy of the genus Boechera and related genera (Brassicaceae: Boechereae). Systematic Botany 36: 192-209."
"Botrychium acuminatum", "Botrychium matricariifolium (Retzius) A. Braun ex W.D.J. Koch", "FNA Editorial Committee. 1993. Flora of North America north of Mexico. Volume 2: Pteridophytes and Gymnosperms. Oxford University Press, New York."
"Botrychium dissectum", "Sceptridium dissectum (Sprengel) Lyon", "Hauk, W.D., C.R. Parks & M.W. Chase. 2003. Phylogenetic studies of Ophioglossaceae: evidence from rbcL and trnL-F plastid DNA sequences and morphology. Molecular Phylogenetics and Evolution 28: 131-151."
"Botrychium multifidum", "Sceptridium multifidum (S.G. Gmelin) M. Nishida", "Hauk, W.D., C.R. Parks & M.W. Chase. 2003. Phylogenetic studies of Ophioglossaceae: evidence from rbcL and trnL-F plastid DNA sequences and morphology. Molecular Phylogenetics and Evolution 28: 131-151."
"Botrychium oneidense", "Sceptridium oneidense (Gilbert) Holub", "Hauk, W.D., C.R. Parks & M.W. Chase. 2003. Phylogenetic studies of Ophioglossaceae: evidence from rbcL and trnL-F plastid DNA sequences and morphology. Molecular Phylogenetics and Evolution 28: 131-151."
"Botrychium rugulosum", "Sceptridium rugulosum (W.H. Wagner) Skoda & Holub", "Reznicek, A.A., E.G. Voss & B. S. Walters. 2011. MICHIGAN FLORA ONLINE. University of Michigan. Web. 9-27-2013 [February 2011]. http://michiganflora.net/home.aspx"
"Botrychium virginianum", "Botrypus virginianus (Linnaeus) Michaux", "Hauk, W.D., C.R. Parks & M.W. Chase. 2003. Phylogenetic studies of Ophioglossaceae: evidence from rbcL and trnL-F plastid DNA sequences and morphology. Molecular Phylogenetics and Evolution 28: 131-151."
"Bromus aleutensis", "Bromus sitchensis var. aleutensis (Trinius ex Grisebach) Hultén", "Brainerd, R.E., N. Otting & B.L. Wilson. 2016. New combinations in Bromus sitchensis (Poaceae). Phytoneuron 2016-36: 1-4"
"Bromus carinatus", "Bromus sitchensis var. carinatus (Hooker & Arnott) R.E. Brainerd & Otting", "Brainerd, R.E., N. Otting & B.L. Wilson. 2016. New combinations in Bromus sitchensis (Poaceae). Phytoneuron 2016-36: 1-4"
"Bromus carinatus var. carinatus", "Bromus sitchensis var. carinatus (Hooker & Arnott) R.E. Brainerd & Otting", "Brainerd, R.E., N. Otting & B.L. Wilson. 2016. New combinations in Bromus sitchensis (Poaceae). Phytoneuron 2016-36: 1-4"
"Bromus carinatus var. marginatus", "Bromus sitchensis var. marginatus (Nees ex Steudel) B. Boivin", "Brainerd, R.E., N. Otting & B.L. Wilson. 2016. New combinations in Bromus sitchensis (Poaceae). Phytoneuron 2016-36: 1-4"
"Bromus japonicus", "Bromus japonicus Houttuyn", "Soreng, R.J., G. Davidse, P.M. Peterson, F.O. Zuloaga, E.J. Judziewicz, T.S. Filgueiras & O. Morrone. 2002+. Catalogue of New World Grasses (Poaceae). http://legacy.tropicos.org/Project/CNWG (consulted 2020-05-14)"
"Bromus pubescens", "Bromus pubescens Sprengel", "International Plant Names Index (IPNI). 2004+. http://www.ipni.org/index.html"
"Bromus pumpellianus subsp. pumpellianus", "Bromus pumpellianus Scribner", "FNA Editorial Committee. 2007. Flora of North America north of Mexico. Volume 24: Poaceae (part 1). Oxford University Press, New York."
"Calamagrostis cinnoides", "Calamagrostis canadensis (Michaux) Palisot de Beauvois var. canadensis", "FNA Editorial Committee. 2007. Flora of North America north of Mexico. Volume 24: Poaceae (part 1). Oxford University Press, New York."
"Calamagrostis cinnoides", "Greeneochloa coarctata P.M. Peterson, Soreng, Romasch. & Barberá", "Peterson, P.M., R.J. Soreng, K. Romaschenko, P. Barberá, A. Quintanar, and C. Aedo. 2019. New combinations and new names in American Cinnagrostis, Peyritschia, and Deschampsia, and three new genera: Greeneochloa, Laegaardia, and Paramochloa (Poeae, Poaceae). Phytoneuron 2019-39: 1–23"
"Calamovilfa longifolia", "Sporobolus rigidus (Buckley) P.M. Peterson var. rigidus", "Peterson P.M., K. Romaschenko, Y.H. Arrieta & J.M. Saarela. 2014. A molecular phylogeny and new subgeneric classification of Sporobolus (Poaceae: Chloridoideae: Sporobolinae). Taxon 63 :1212–1243"
"Calamovilfa longifolia var. longifolia", "Sporobolus rigidus (Buckley) P.M. Peterson var. rigidus", "Peterson P.M., K. Romaschenko, Y.H. Arrieta & J.M. Saarela. 2014. A molecular phylogeny and new subgeneric classification of Sporobolus (Poaceae: Chloridoideae: Sporobolinae). Taxon 63 :1212–1243"
"Calamovilfa longifolia var. magna", "Sporobolus rigidus var. magnus (Scribner & Merrill) P.M. Peterson", "Peterson P.M., K. Romaschenko, Y.H. Arrieta & J.M. Saarela. 2014. A molecular phylogeny and new subgeneric classification of Sporobolus (Poaceae: Chloridoideae: Sporobolinae). Taxon 63 :1212–1243"
"Carex bicknellii", "Carex annectens (E.P. Bicknell) E.P. Bicknell", "FNA Editorial Committee. 2002. Flora of North America north of Mexico. Volume 23: Cyperaceae. Oxford University Press, New York."
"Carex bigelowii", "Carex ×quebecensis Lepage", "Cayouette, J. & P.M. Catling. 1992. Hybridization in the genus Carex with special reference to North America. Botanical Review 58 (4): 351-440."
"Carex divulsa subsp. divulsa", "Carex divulsa Stokes", "Molina, A., C. Acedo & F. Llamas. 2008. Taxonomy and new taxa of the Carex divulsa aggregate in Eurasia (section Phaestoglochin, Cyperaceae). Botanical Journal of the Linnean Society 156: 385–409"
"Carex jamesii", "Carex nebrascensis Dewey", "FNA Editorial Committee. 2002. Flora of North America north of Mexico. Volume 23: Cyperaceae. Oxford University Press, New York."
"Carex lenticularis var. lenticularis", "Carex lenticularis Michaux", "FNA Editorial Committee. 2002. Flora of North America north of Mexico. Volume 23: Cyperaceae. Oxford University Press, New York."
"Carex lucorum var. lucorum", "Carex lucorum Willdenow ex Link", "FNA Editorial Committee. 2002. Flora of North America north of Mexico. Volume 23: Cyperaceae. Oxford University Press, New York."
"Carex maritima", "Carex paleacea Schreber ex Wahlenberg", "FNA Editorial Committee. 2002. Flora of North America north of Mexico. Volume 23: Cyperaceae. Oxford University Press, New York."
"Carex microglochin subsp. microglochin", "Carex microglochin Wahlenberg", "FNA Editorial Committee. 2002. Flora of North America north of Mexico. Volume 23: Cyperaceae. Oxford University Press, New York."
"Carex norvegica", "Carex mackenziei V.I. Kreczetowicz", "FNA Editorial Committee. 2002. Flora of North America north of Mexico. Volume 23: Cyperaceae. Oxford University Press, New York."
"Carex rosea", "Carex radiata (Wahlenberg) Small", "FNA Editorial Committee. 2002. Flora of North America north of Mexico. Volume 23: Cyperaceae. Oxford University Press, New York."
"Carex rostrata", "Carex michauxiana Boeckeler", "FNA Editorial Committee. 2002. Flora of North America north of Mexico. Volume 23: Cyperaceae. Oxford University Press, New York."
"Carex scoparia var. scoparia", "Carex scoparia Schkuhr ex Willdenow", "FNA Editorial Committee. 2002. Flora of North America north of Mexico. Volume 23: Cyperaceae. Oxford University Press, New York."
"Carex tenera var. echinodes", "Carex echinodes (Fernald) P.E. Rothrock, Reznicek & Hipp", "Rothrock, P.E., A.A. Reznicek & A.L. Hipp. 2009. Taxonomic study of the Carex tenera group (Cyperaceae). Systematic Botany 34(2): 297-311."
"Carex tenera var. tenera", "Carex tenera Dewey", "FNA Editorial Committee. 2002. Flora of North America north of Mexico. Volume 23: Cyperaceae. Oxford University Press, New York."
"Chenopodium bonus-henricus", "Blitum bonus-henricus (Linnaeus) Reichenbach", "Fuentes-Bazan S., P. Uotila & T. Borsch. 2012. A novel phylogeny-based generic classification for Chenopodium sensu lato, and a tribal rearrangement of Chenopodioideae (Chenopodiaceae). Willdenowia 42: 5 – 24"
"Chenopodium capitatum", "Blitum capitatum Linnaeus subsp. capitatum", "Mosyakin, S.L. 2013. New nomenclatural combinations in Blitum, Oxybasis, Chenopodiastrum, and Lipandra (Chenopodiaceae). Phytoneuron 2013-56: 1–8."
"Chenopodium capitatum var. capitatum", "Blitum capitatum Linnaeus subsp. capitatum", "Mosyakin, S.L. 2013. New nomenclatural combinations in Blitum, Oxybasis, Chenopodiastrum, and Lipandra (Chenopodiaceae). Phytoneuron 2013-56: 1–8."
"Chenopodium glaucum", "Oxybasis glauca (Linnaeus) S. Fuentes, Uotila & Borsch", "Kurtto, A. & P. Uotila. 2019. New combinations in the vascular flora of Finland, in the genera Spinulum, Oxybasis and Potentilla. Memoranda Societas Fauna Flora Fennica 95: 36-39"
"Chenopodium glaucum var. glaucum", "Oxybasis glauca (Linnaeus) S. Fuentes, Uotila & Borsch", "Kurtto, A. & P. Uotila. 2019. New combinations in the vascular flora of Finland, in the genera Spinulum, Oxybasis and Potentilla. Memoranda Societas Fauna Flora Fennica 95: 36-39"
"Chenopodium glaucum var. salinum", "Oxybasis salina (Standley) Uotila", "Kurtto, A. & P. Uotila. 2019. New combinations in the vascular flora of Finland, in the genera Spinulum, Oxybasis and Potentilla. Memoranda Societas Fauna Flora Fennica 95: 36-39"
"Chenopodium murale", "Chenopodiastrum murale (Linnaeus) S. Fuentes, Uotila & Borsch", "Fuentes-Bazan S., P. Uotila & T. Borsch. 2012. A novel phylogeny-based generic classification for Chenopodium sensu lato, and a tribal rearrangement of Chenopodioideae (Chenopodiaceae). Willdenowia 42: 5 – 24"
"Chenopodium polyspermum", "Lipandra polysperma (Linnaeus) S. Fuentes, Uotila & Borsch var. polysperma", ""
"Chenopodium polyspermum var. acutifolium", "Lipandra polysperma var. acutifolia (Smith) Mosyakin", "Mosyakin, S.L. 2013. New nomenclatural combinations in Blitum, Oxybasis, Chenopodiastrum, and Lipandra (Chenopodiaceae). Phytoneuron 2013-56: 1–8."
"Chenopodium rubrum", "Oxybasis rubra (Linnaeus) S. Fuentes, Uotila & Borsch var. rubra", "Mosyakin, S.L. 2013. New nomenclatural combinations in Blitum, Oxybasis, Chenopodiastrum, and Lipandra (Chenopodiaceae). Phytoneuron 2013-56: 1–8."
"Chenopodium rubrum var. rubrum", "Oxybasis rubra (Linnaeus) S. Fuentes, Uotila & Borsch var. rubra", "Mosyakin, S.L. 2013. New nomenclatural combinations in Blitum, Oxybasis, Chenopodiastrum, and Lipandra (Chenopodiaceae). Phytoneuron 2013-56: 1–8."
"Chenopodium simplex", "Chenopodiastrum simplex (Torrey) S. Fuentes, Uotila & Borsch", "Fuentes-Bazan S., P. Uotila & T. Borsch. 2012. A novel phylogeny-based generic classification for Chenopodium sensu lato, and a tribal rearrangement of Chenopodioideae (Chenopodiaceae). Willdenowia 42: 5 – 24"
"Chenopodium urbicum", "Oxybasis urbica (Linnaeus) S. Fuentes, Uotila & Borsch", "Fuentes-Bazan S., P. Uotila & T. Borsch. 2012. A novel phylogeny-based generic classification for Chenopodium sensu lato, and a tribal rearrangement of Chenopodioideae (Chenopodiaceae). Willdenowia 42: 5 – 24"
"Cimicifuga racemosa", "Actaea racemosa Linnaeus", "Compton, J.A., A. Culham & S.L. Jury. 1998. Reclassification of Actaea to include Cimicifuga and Souliea (Ranunculaceae): Phylogeny inferred from morphology, nrDNA ITS' and cpDNA trnL-F sequence variation. Taxon 47: 593-634."
"Conringia orientalis", "Conringia orientalis (Linnaeus) C. Presl", "Missouri Botanical Garden. 2011+. Tropicos.org.  www.tropicos.org"
"Conringia orientalis", "Conringia orientalis (Linnaeus) C. Presl", "Missouri Botanical Garden. 2011+. Tropicos.org.  www.tropicos.org"
"Consolida ajacis", "Delphinium ajacis Linnaeus", "Missouri Botanical Garden. 2011+. Tropicos.org.  www.tropicos.org"
"Consolida regalis", "Delphinium consolida Linnaeus", "WCSP 2012+. World Checklist of Selected Plant Families. Facilitated by the Royal Botanic Gardens, Kew. Published on the Internet; http://apps.kew.org/wcsp/"
"Conyza canadensis", "Erigeron canadensis Linnaeus", "Global Biodiversity Information Facility (GBIF). GBIF Secretariat. Copenhagen, Denmark. consulted 13Dec2016"
"Corydalis sempervirens", "Capnoides sempervirens (Linnaeus) Borkhausen", "FNA Editorial Committee. 1997. Flora of North America north of Mexico. Volume 3: Magnoliophyta: Magnoliidae and Hamamelidae. Oxford University Press, New York."
"Crataegus douglasii", "Crataegus intricata Lange", "FNA Editorial Committee. 2014. Flora of North America north of Mexico. Volume 9: Magnoliophyta: Picramniaceae to Rosaceae. Oxford University Press, New York."
"Crepis elegans", "Askellia elegans (Hooker) W.A. Weber", "Weber, W.A. 1984. New names and new combinations, principally in the Rocky Mountain flora--IV. Phytologia 55 (1): 1-11."
"Crypsis schoenoides", "Sporobolus schoenoides (Linnaeus) P.M. Peterson", "Peterson P.M., K. Romaschenko, Y.H. Arrieta & J.M. Saarela. 2014. A molecular phylogeny and new subgeneric classification of Sporobolus (Poaceae: Chloridoideae: Sporobolinae). Taxon 63 :1212–1243"
"Deschampsia flexuosa", "Avenella flexuosa (Linnaeus) Drejer", "Soreng, R.J., G. Davidse, P.M. Peterson, F.O. Zuloaga, E.J. Judziewicz, T.S. Filgueiras & O. Morrone. 2002+. Catalogue of New World Grasses (Poaceae). http://legacy.tropicos.org/Project/CNWG (consulted 2020-05-14)"
"Dichanthelium acuminatum subsp. acuminatum", "Dichanthelium acuminatum (Swartz) Gould & C.A. Clark", "FNA Editorial Committee. 2003. Flora of North America north of Mexico. Volume 25: Poaceae (part 2). Oxford University Press, New York."
"Dichanthelium acuminatum subsp. columbianum", "Dichanthelium portoricense (Desvaux ex Hamilton) B.F. Hansen & Wunderlin", "Soreng, R.J., G. Davidse, P.M. Peterson, F.O. Zuloaga, E.J. Judziewicz, T.S. Filgueiras & O. Morrone. 2002+. Catalogue of New World Grasses (Poaceae). http://legacy.tropicos.org/Project/CNWG (consulted 2020-05-14)"
"Dichanthelium acuminatum subsp. fasciculatum", "Dichanthelium lanuginosum (Elliott) Gould", "Thomas, J.R. 2015. Revision of Dichanthelium sect. Lanuginosa (Poaceae). Phytoneuron 2015-10: 1-58"
"Dichanthelium acuminatum subsp. implicatum", "Dichanthelium implicatum (Scribner) Kerguélen", "Thomas, J.R. 2015. Revision of Dichanthelium sect. Lanuginosa (Poaceae). Phytoneuron 2015-10: 1-58"
"Dichanthelium acuminatum subsp. lindheimeri", "Dichanthelium lindheimeri (Nash) Gould", "Thomas, J.R. 2015. Revision of Dichanthelium sect. Lanuginosa (Poaceae). Phytoneuron 2015-10: 1-58"
"Dichanthelium acuminatum subsp. longiligulatum", "Dichanthelium longiligulatum (Nash) Freckmann", "Thomas, J.R. 2015. Revision of Dichanthelium sect. Lanuginosa (Poaceae). Phytoneuron 2015-10: 1-58"
"Dichanthelium acuminatum subsp. sericeum", "Dichanthelium thermale subsp. sericeum (Schmoll) J.R. Thomas", "Thomas, J.R. 2015. Revision of Dichanthelium sect. Lanuginosa (Poaceae). Phytoneuron 2015-10: 1-58"
"Dichanthelium acuminatum subsp. spretum", "Dichanthelium spretum (Schultes) Freckmann", "Thomas, J.R. 2015. Revision of Dichanthelium sect. Lanuginosa (Poaceae). Phytoneuron 2015-10: 1-58"
"Dichanthelium latifolium", "Dichanthelium latifolium (Linnaeus) Harvill", "FNA Editorial Committee. 2003. Flora of North America north of Mexico. Volume 25: Poaceae (part 2). Oxford University Press, New York."
"Diplazium pycnocarpon", "Homalosorus pycnocarpos (Sprengel) Pichi Sermolli", "Missouri Botanical Garden. 2011+. Tropicos.org.  www.tropicos.org"
"Draba reptans", "Tomostima reptans (Lamarck) Al-Shehbaz, M. Koch & Jordon-Thaden", "Missouri Botanical Garden. 2011+. Tropicos.org.  www.tropicos.org"
"Duchesnea indica", "Potentilla indica (Andrews) Th. Wolf var. indica", ""
"Duchesnea indica var. indica", "Potentilla indica (Andrews) Th. Wolf var. indica", ""
"Elymus lanceolatus subsp. riparius", "Elymus lanceolatus (Scribner & J.G. Smith) Gould subsp. lanceolatus", "FNA Editorial Committee. 2007. Flora of North America north of Mexico. Volume 24: Poaceae (part 1). Oxford University Press, New York."
"Elymus riparius", "Elymus lanceolatus (Scribner & J.G. Smith) Gould subsp. lanceolatus", "FNA Editorial Committee. 2007. Flora of North America north of Mexico. Volume 24: Poaceae (part 1). Oxford University Press, New York."
"Elymus virginicus var. jejunus", "Elymus virginicus Linnaeus var. virginicus", "FNA Editorial Committee. 2007. Flora of North America north of Mexico. Volume 24: Poaceae (part 1). Oxford University Press, New York."
"Eragrostis", "Eragrostis minor Host", "FNA Editorial Committee. 2003. Flora of North America north of Mexico. Volume 25: Poaceae (part 2). Oxford University Press, New York."
"Euphrasia arctica", "Euphrasia wettsteinii G.L. Gusarova", "FNA Editorial Committee. 2019. Flora of North America north of Mexico. Volume 17. Magnoliophyta: Tetrachondraceae to Orobanchaceae. Oxford University Press, New York."
"Fallopia japonica", "Reynoutria japonica Houttuyn var. japonica", "Missouri Botanical Garden. 2011+. Tropicos.org.  www.tropicos.org"
"Fallopia japonica var. japonica", "Reynoutria japonica Houttuyn var. japonica", "Missouri Botanical Garden. 2011+. Tropicos.org.  www.tropicos.org"
"Fallopia sachalinensis", "Reynoutria sachalinensis (F. Schmidt) Nakai", "Schuster, T.M., K.L. Wilson & K.A. Kron. 2011. Phylogenetic relationships of Muehlenbeckia, Fallopia, and Reynoutri (Polygonaceae) investigated with chloroplast and nuclear sequence data. International Journal of Plant Sciences 172(8): 1053-1066."
"Gymnocarpium jessoense subsp. parvulum", "Gymnocarpium continentale (Petrov) Pojarkova", "Rothfels, C.J., A.K. Johnson, M.D. Windham & K.M. Pryer. 2014. Low-copy nuclear data confirm rampant allopolyploidy in the Cystopteridaceae (Polypodiales). Taxon 63(5): 1026-1036"
"Hieracium aurantiacum", "Pilosella aurantiaca (Linnaeus) F.W. Schultz & Schultz Bipontinus", "Hand, R., Kilian, N. & E. von Raab-Straube (eds.). 2009- (continuously updated). International Cichorieae Network: Cichorieae Portal. http://wp6-cichorieae.e-taxonomy.eu/portal (consulted 2010-05-27)"
"Hieracium caespitosum", "Pilosella caespitosa (Dumortier) P.D. Sell & C. West", "Hand, R., Kilian, N. & E. von Raab-Straube (eds.). 2009- (continuously updated). International Cichorieae Network: Cichorieae Portal. http://wp6-cichorieae.e-taxonomy.eu/portal (consulted 2010-05-27)"
"Hieracium pilosella", "Pilosella officinarum F.W. Schultz & Schultz Bipontinus", "Hand, R., Kilian, N. & E. von Raab-Straube (eds.). 2009- (continuously updated). International Cichorieae Network: Cichorieae Portal. http://wp6-cichorieae.e-taxonomy.eu/portal (consulted 2010-05-27)"
"Hieracium piloselloides", "Pilosella piloselloides (Villars) Soják subsp. piloselloides", "Hand, R., Kilian, N. & E. von Raab-Straube (eds.). 2009- (continuously updated). International Cichorieae Network: Cichorieae Portal. http://wp6-cichorieae.e-taxonomy.eu/portal (consulted 2010-05-27)"
"Huperzia appalachiana", "Huperzia appressa (Desvaux) Á. Löve & D. Löve", ""
"Juncus acuminatus", "Juncus arcticus Willdenow subsp. arcticus", ""
"Juncus arcticus var. alaskanus", "Juncus arcticus subsp. alaskanus Hultén", ""
"Juncus arcticus var. alaskanus", "Juncus arcticus subsp. alaskanus Hultén", ""
"Juncus arcticus var. balticus", "Juncus balticus Willdenow", "Kirschner, J. et al. 2002. Species Plantarum: Flora of the World. Part 6, Juncaceae 1: Rostkovia to Luzula. 237 pp. Part 7, Juncaceae 2: Juncus subg. Juncus. 336 pp. Part 8, Juncaceae 3: Juncus subg. Agathryon. Australian Biological Resources Study, Canberra. 192 pp."
"Juncus ensifolius var. ensifolius", "Juncus ensifolius Wikström", "Kirschner, J. et al. 2002. Species Plantarum: Flora of the World. Part 6, Juncaceae 1: Rostkovia to Luzula. 237 pp. Part 7, Juncaceae 2: Juncus subg. Juncus. 336 pp. Part 8, Juncaceae 3: Juncus subg. Agathryon. Australian Biological Resources Study, Canberra. 192 pp."
"Juncus stygius var. americanus", "Juncus stygius subsp. americanus (Buchenau) Hultén", "Kirschner, J. et al. 2002. Species Plantarum: Flora of the World. Part 6, Juncaceae 1: Rostkovia to Luzula. 237 pp. Part 7, Juncaceae 2: Juncus subg. Juncus. 336 pp. Part 8, Juncaceae 3: Juncus subg. Agathryon. Australian Biological Resources Study, Canberra. 192 pp."
"Juncus triglumis var. albescens", "Juncus triglumis subsp. albescens (Lange) Hultén", "Kirschner, J. et al. 2002. Species Plantarum: Flora of the World. Part 6, Juncaceae 1: Rostkovia to Luzula. 237 pp. Part 7, Juncaceae 2: Juncus subg. Juncus. 336 pp. Part 8, Juncaceae 3: Juncus subg. Agathryon. Australian Biological Resources Study, Canberra. 192 pp."
"Kobresia myosuroides", "Carex myosuroides Villars", "Global Carex Group. 2015. Making Carex monophyletic (Cyperaceae, tribe Cariceae): a new broader circumscription. Botanical Journal of the Linnean Society"
"Kobresia simpliciuscula", "Carex simpliciuscula Wahlenberg", "Global Carex Group. 2015. Making Carex monophyletic (Cyperaceae, tribe Cariceae): a new broader circumscription. Botanical Journal of the Linnean Society"
"Kochia scoparia", "Bassia scoparia (Linnaeus) Voss", "Kadereit, G. & H. Freitag. 2011. Molecular phylogeny of Camphorosmeae (Camphorosmoideae, Chenopodiaceae): Implications for biogeography, evolution of C4-photosynthesis and taxonomy. Taxon 60: 51-78."
"Kochia scoparia subsp. scoparia", "Bassia scoparia (Linnaeus) Voss", "Kadereit, G. & H. Freitag. 2011. Molecular phylogeny of Camphorosmeae (Camphorosmoideae, Chenopodiaceae): Implications for biogeography, evolution of C4-photosynthesis and taxonomy. Taxon 60: 51-78."
"Leptochloa fusca subsp. fascicularis", "Diplachne fusca subsp. fascicularis (Lamarck) P.M. Peterson & N. Snow", "Soreng, R.J., G. Davidse, P.M. Peterson, F.O. Zuloaga, E.J. Judziewicz, T.S. Filgueiras & O. Morrone. 2002+. Catalogue of New World Grasses (Poaceae). http://legacy.tropicos.org/Project/CNWG (consulted 2020-05-14)"
"Lipocarpha micrantha", "Cyperus subsquarrosus (Muhlenberg) Bauters", "Bauters, K., I. Larridon, M. Reynders, P. Asselman, A. Vrijdaghs, A.M. Muasya, D.A. Simpson & P. Goetghebeur. 2014. A new classification for Lipocarpha and Volkiella as infrageneric taxa of Cyperus s.l. (Cypereae, Cyperoideae, Cyperaceae): insights from species tree reconstruction supplemented with morphological and floral developmental data. Phytotaxa 166 (1): 1-32"
"Listera auriculata", "Neottia auriculata (Wiegand) Szlachetko", "WCSP 2012+. World Checklist of Selected Plant Families. Facilitated by the Royal Botanic Gardens, Kew. Published on the Internet; http://apps.kew.org/wcsp/"
"Listera australis", "Neottia bifolia (Rafinesque) Baumbach", "WCSP 2012+. World Checklist of Selected Plant Families. Facilitated by the Royal Botanic Gardens, Kew. Published on the Internet; http://apps.kew.org/wcsp/"
"Listera borealis", "Neottia borealis (Morong) Szlachetko", "WCSP 2012+. World Checklist of Selected Plant Families. Facilitated by the Royal Botanic Gardens, Kew. Published on the Internet; http://apps.kew.org/wcsp/"
"Listera convallarioides", "Neottia convallarioides (Swartz) Richard", "WCSP 2012+. World Checklist of Selected Plant Families. Facilitated by the Royal Botanic Gardens, Kew. Published on the Internet; http://apps.kew.org/wcsp/"
"Listera cordata var. cordata", "Neottia cordata (Linnaeus) Richard", "WCSP 2012+. World Checklist of Selected Plant Families. Facilitated by the Royal Botanic Gardens, Kew. Published on the Internet; http://apps.kew.org/wcsp/"
"Listera ovata", "Neottia ovata (Linnaeus) Bluff & Fingerhut", "WCSP 2012+. World Checklist of Selected Plant Families. Facilitated by the Royal Botanic Gardens, Kew. Published on the Internet; http://apps.kew.org/wcsp/"
"Lolium temulentum subsp. remotum", "Lolium remotum Schrank", "Soreng, R.J., G. Davidse, P.M. Peterson, F.O. Zuloaga, E.J. Judziewicz, T.S. Filgueiras & O. Morrone. 2002+. Catalogue of New World Grasses (Poaceae). http://legacy.tropicos.org/Project/CNWG (consulted 2020-05-14)"
"Lolium temulentum subsp. temulentum", "Lolium temulentum Linnaeus", "Soreng, R.J., G. Davidse, P.M. Peterson, F.O. Zuloaga, E.J. Judziewicz, T.S. Filgueiras & O. Morrone. 2002+. Catalogue of New World Grasses (Poaceae). http://legacy.tropicos.org/Project/CNWG (consulted 2020-05-14)"
"Luzula acuminata var. acuminata", "Luzula acuminata Rafinesque subsp. acuminata", "Kirschner, J. et al. 2002. Species Plantarum: Flora of the World. Part 6, Juncaceae 1: Rostkovia to Luzula. 237 pp. Part 7, Juncaceae 2: Juncus subg. Juncus. 336 pp. Part 8, Juncaceae 3: Juncus subg. Agathryon. Australian Biological Resources Study, Canberra. 192 pp."
"Lycopodium annotinum", "Spinulum annotinum (Linnaeus) A. Haines subsp. annotinum", "Kurtto, A. & P. Uotila. 2019. New combinations in the vascular flora of Finland, in the genera Spinulum, Oxybasis and Potentilla. Memoranda Societas Fauna Flora Fennica 95: 36-39"
"Lycopodium dendroideum", "Dendrolycopodium dendroideum (Michaux) A. Haines", "Missouri Botanical Garden. 2011+. Tropicos.org.  www.tropicos.org"
"Lycopodium hickeyi", "Dendrolycopodium hickeyi (W.H. Wagner, Beitel & R.C. Moran) A. Haines", "Missouri Botanical Garden. 2011+. Tropicos.org.  www.tropicos.org"
"Lycopodium obscurum", "Dendrolycopodium obscurum (Linnaeus) A. Haines", "Missouri Botanical Garden. 2011+. Tropicos.org.  www.tropicos.org"
"Maianthemum racemosum subsp. racemosum", "Maianthemum racemosum (Linnaeus) Link", "FNA Editorial Committee. 2002. Flora of North America north of Mexico. Volume 26: Agavaceae, Aloaceae, Burmanniaceae, Dioscoreaceae, Haemodoraceae, Iridaceae, Liliaceae, Orchidaceae, Pontederiaceae, Smilacaceae and Stemonaceae. Oxford University Press, New York."
"Minuartia dawsonensis", "Sabulina dawsonensis (Britton) Rydberg", "Missouri Botanical Garden. 2011+. Tropicos.org.  www.tropicos.org"
"Minuartia groenlandica", "Mononeuria groenlandica (Retzius) Dillenberger & Kadereit", "Dillinger, M. & J.W. Kadereit. 2014. Maximum polyphyly: Multiple origins and delimitation with plesiomorphic characters require a new circumscription of Minuartia (Caryophyllaceae). Taxon 63(1): 64-88"
"Minuartia michauxii", "Sabulina michauxii (Fenzl) Dillenberger & Kadereit", "Dillinger, M. & J.W. Kadereit. 2014. Maximum polyphyly: Multiple origins and delimitation with plesiomorphic characters require a new circumscription of Minuartia (Caryophyllaceae). Taxon 63(1): 64-88"
"Minuartia rubella", "Sabulina rubella (Wahlenberg) Dillenberger & Kadereit", "Dillinger, M. & J.W. Kadereit. 2014. Maximum polyphyly: Multiple origins and delimitation with plesiomorphic characters require a new circumscription of Minuartia (Caryophyllaceae). Taxon 63(1): 64-88"
"Minuartia stricta", "Sabulina stricta (Swartz) Reichenbach", "Missouri Botanical Garden. 2011+. Tropicos.org.  www.tropicos.org"
"Monotropa hypopitys", "Hypopitys monotropa Crantz", "Broe, M.B. 2014. Phylogenetics of the Monotropoideae (Ericaceae) with Special Focus on the Genus Hypopitys Hill, together with a Novel Approach to Phylogenetic Inference Using Lattice Theory. Ph.D. Dissertation, Graduate School, Ohio State University. 189 pp."
"Muhlenbergia racemosa", "Muhlenbergia glomerata (Willdenow) Trinius", "FNA Editorial Committee. 2003. Flora of North America north of Mexico. Volume 25: Poaceae (part 2). Oxford University Press, New York."
"Myrica pensylvanica", "Morella pensylvanica (Mirbel) Kartesz", "Jepson Flora Project (eds.) 2013. Jepson eFlora, http://ucjeps.berkeley.edu/IJM.html [accessed on 2014-01-15]"
"Orobanche fasciculata", "Aphyllon fasciculatum (Nuttall) Torrey & A. Gray", "Schneider A.C. 2016. Resurrection of the genus Aphyllon for New World broomrapes (Orobanche s.l., Orobanchaceae). PhytoKeys 75: 107–118"
"Orobanche uniflora", "Aphyllon uniflorum (Linnaeus) Torrey & A. Gray", "Schneider A.C. 2016. Resurrection of the genus Aphyllon for New World broomrapes (Orobanche s.l., Orobanchaceae). PhytoKeys 75: 107–118"
"Orobanche uniflora subsp. uniflora", "Aphyllon uniflorum (Linnaeus) Torrey & A. Gray", "Schneider A.C. 2016. Resurrection of the genus Aphyllon for New World broomrapes (Orobanche s.l., Orobanchaceae). PhytoKeys 75: 107–118"
"Osmunda cinnamomea", "Osmundastrum cinnamomeum (Linnaeus) C. Presl", "Metzgar, J.S., J.E. Skog, E.A. Zimmer & K.M. Pryer. 2008. The paraphyly of Osmunda is confirmed by phylogenetic analyses of seven plastid loci. Systematic Botany 33 (1): 31-36."
"Osmunda claytoniana", "Claytosmunda claytoniana (Linnaeus) Metzgar & Rouhan", "Pteridophyte Phylogeny Group. 2016. A community-derived classification for extant lycophytes and ferns. Journal of Systematics and Evolution 54 (6): 563-603"
"Panicum capillare subsp. capillare", "Panicum capillare Linnaeus", "FNA Editorial Committee. 2003. Flora of North America north of Mexico. Volume 25: Poaceae (part 2). Oxford University Press, New York."
"Panicum philadelphicum subsp. gattingeri", "Panicum philadelphicum Bernhardi ex Trinius", "FNA Editorial Committee. 2003. Flora of North America north of Mexico. Volume 25: Poaceae (part 2). Oxford University Press, New York."
"Panicum philadelphicum subsp. philadelphicum", "Panicum philadelphicum Bernhardi ex Trinius", "FNA Editorial Committee. 2003. Flora of North America north of Mexico. Volume 25: Poaceae (part 2). Oxford University Press, New York."
"Panicum rigidulum", "Coleataenia rigidula (Bosc ex Nees) LeBlond subsp. rigidula", "Missouri Botanical Garden. 2011+. Tropicos.org.  www.tropicos.org"
"Panicum rigidulum subsp. pubescens", "Coleataenia longifolia (Torrey) Soreng subsp. longifolia", "Missouri Botanical Garden. 2011+. Tropicos.org.  www.tropicos.org"
"Panicum rigidulum subsp. rigidulum", "Coleataenia rigidula (Bosc ex Nees) LeBlond subsp. rigidula", "Missouri Botanical Garden. 2011+. Tropicos.org.  www.tropicos.org"
"Pascopyrum smithii", "Pascopyrum smithii (Rydberg) Barkworth & D.R. Dewey", "FNA Editorial Committee. 2007. Flora of North America north of Mexico. Volume 24: Poaceae (part 1). Oxford University Press, New York."
"Persicaria lapathifolia", "Persicaria lapathifolia (Linnaeus) Delarbre", "FNA Editorial Committee. 2005. Flora of North America north of Mexico. Volume 5: Magnoliophyta: Caryophyllidae, part 2. Oxford University Press, New York."
"Phragmites", "Phragmites australis (Cavanilles) Trinius ex Steudel subsp. australis", "FNA Editorial Committee. 2003. Flora of North America north of Mexico. Volume 25: Poaceae (part 2). Oxford University Press, New York."
"Piperia unalascensis", "Platanthera unalascensis (Sprengel) Kurtz", "Bateman, R.M., K.E. James, Y.-B. Luo, R.K. Lauri, T. Fulcher, P.J. Cribb & M.W. Chase. 2009. Molecular phylogenetics and morphological reappraisal of the Platanthera clade (Orchidaceae: Orchidinae) prompts expansion of the generic limits of Galearis and Platanthera. Annals of Botany 104: 431-445"
"Poa eminens", "Arctopoa eminens (J. Presl) Probatova", "Gillespie, L.J., R.J. Soreng, R.D. Bull, S.W L. Jacob & N.F. Refulio-Rodriguez. 2008. Phylogenetic relationships in subtribe Poinae (Poaceae, Poeae) based on nuclear ITS and plastid trnT-trnL-trnF sequences. Botany 86: 938-967."
"Poa laxa subsp. banffiana", "Poa banffiana (Soreng) Soreng & L.J. Gillespie", "Soreng,R.J.,  L.J. Gillespie & L.L. Consaul. 2017. Taxonomy of the Poa laxa group, including two new taxa from Arctic Canada and Greenland, and Oregon, and a re-examination of P. sect. Oreinos (Poaceae). Nordic Journal of Botany 35: 513-538"
"Poa laxa subsp. fernaldiana", "Poa flexuosa subsp. fernaldiana (Nannfeldt) Á. Löve & D. Löve", "Soreng,R.J.,  L.J. Gillespie & L.L. Consaul. 2017. Taxonomy of the Poa laxa group, including two new taxa from Arctic Canada and Greenland, and Oregon, and a re-examination of P. sect. Oreinos (Poaceae). Nordic Journal of Botany 35: 513-538"
"Polygonella articulata", "Polygonum articulatum Linnaeus", "Schuster, T.M., J.L. Reveal & K.A. Kron. 2011. Phylogeny of Polygoneae (Polygonaceae: Polygonoideae). Taxon 60: 1653-1666."
"Potamogeton pusillus subsp. pusillus", "Potamogeton pusillus Linnaeus", "Les, D.H., N.M. Murray & N.P. Tippery. 2009. Systematics of two imperiled pondweeds ( Potamogeton vaseyi, P. gemmiparus) and taxonomic ramifications for subsection Pusilli (Potamogetonaceae). Systematic Botany 34: 643-651"
"Potamogeton pusillus subsp. tenuissimus", "Potamogeton berchtoldii Fieber subsp. berchtoldii", "WCSP 2012+. World Checklist of Selected Plant Families. Facilitated by the Royal Botanic Gardens, Kew. Published on the Internet; http://apps.kew.org/wcsp/"
"Prenanthes alba", "Nabalus albus (Linnaeus) Hooker", "Missouri Botanical Garden. 2011+. Tropicos.org.  www.tropicos.org"
"Prenanthes altissima", "Nabalus altissimus (Linnaeus) Hooker", "Missouri Botanical Garden. 2011+. Tropicos.org.  www.tropicos.org"
"Prenanthes racemosa", "Nabalus racemosus (Michaux) Hooker", "Missouri Botanical Garden. 2011+. Tropicos.org.  www.tropicos.org"
"Prenanthes trifoliolata", "Nabalus trifoliolatus Cassini", "Missouri Botanical Garden. 2011+. Tropicos.org.  www.tropicos.org"
"Pteridium aquilinum var. latiusculum", "Pteridium aquilinum subsp. latiusculum (Desvaux) Hultén ex R.T. Clausen", "International Plant Names Index (IPNI). 2004+. http://www.ipni.org/index.html"
"Ranunculus aquatilis var. diffusus", "Ranunculus trichophyllus Chaix", "Wiegleb, G., A.A. Bobrov & J.Zalewska-Gałosz. 2017. A taxonomic account of Ranunculus section Batrachium (Ranunculaceae). Phytotaxa 319(1): 001-055"
"Ranunculus ficaria", "Ficaria verna Hudson", "Hörandl, E., O. Paun, J.T. Johansson, C. Lehnebach, T. Armstrong, L. Chen & P. Lockhart. 2005. Phylogenetic relationships and evolutionary traits in Ranunculus s.l. (Ranunculaceae) inferred from ITS sequence analysis . Molecular Phylogenetics and Evolution 36: 305-327."
"Ranunculus lapponicus", "Coptidium lapponicum (Linnaeus) Gandoger ex Rydberg", "Hörandl, E., O. Paun, J.T. Johansson, C. Lehnebach, T. Armstrong, L. Chen & P. Lockhart. 2005. Phylogenetic relationships and evolutionary traits in Ranunculus s.l. (Ranunculaceae) inferred from ITS sequence analysis . Molecular Phylogenetics and Evolution 36: 305-327."
"Ranunculus pallasii", "Coptidium pallasii (Schlechtendal) Tzvelev", "Hörandl, E., O. Paun, J.T. Johansson, C. Lehnebach, T. Armstrong, L. Chen & P. Lockhart. 2005. Phylogenetic relationships and evolutionary traits in Ranunculus s.l. (Ranunculaceae) inferred from ITS sequence analysis . Molecular Phylogenetics and Evolution 36: 305-327."
"Ranunculus pedatifidus var. affinis", "Ranunculus arcticus Richardson", "Elven, R. (Ed) 2007+. Checklist of the Panarctic Flora (PAF) Vascular Plants. http://www.binran.ru/infsys/paflist/index.htm (consulted 2011)"
"Rhamnus alnifolia", "Endotropis alnifolia (L’Héritier) Hauenschild", "Elven, R. (Ed) 2007+. Checklist of the Panarctic Flora (PAF) Vascular Plants. http://www.binran.ru/infsys/paflist/index.htm (consulted 2011)"
"Rubus parviflorus", "Rubus nutkanus Mociño ex Seringe", ""
"Rudbeckia fulgida var. speciosa", "Rudbeckia speciosa Wenderoth", "Campbell, J.N.N. & W.R. Seymour Jr. 2013. Towards a revision of the Rudbeckia fulgida complex (Asteraceae), with description of a new species from the blacklands of southern USA. Phytoneuron 2013-90:1-27"
"Rumex sanguineus", "Rumex britannica Linnaeus", "FNA Editorial Committee. 2005. Flora of North America north of Mexico. Volume 5: Magnoliophyta: Caryophyllidae, part 2. Oxford University Press, New York."
"Salix arctica", "Salix arctica Pallas", "FNA Editorial Committee. 2010. Flora of North America north of Mexico. Volume 7: Magnoliophyta: Salicaceae to Brassicaceae. Oxford University Press, New York."
"Salix cordata", "Salix eriocephala Michaux", "FNA Editorial Committee. 2010. Flora of North America north of Mexico. Volume 7: Magnoliophyta: Salicaceae to Brassicaceae. Oxford University Press, New York."
"Salsola collina", "Kali collinum (Pallas) Akhani & Roalson", "Akhani, H., G. Edwards & E.H. Roalson. 2007. Diversification of the Old World Salsoleae s.l. (Chenopodiaceae): Molecular phylogenetic analysis of nuclear and chloroplast data sets and a revised classification. International Journal of Plant Sciences, Vol. 168 (6 ) 931- 956"
"Salsola tragus", "Kali tragus (Linnaeus) Scopoli", "Akhani, H., G. Edwards & E.H. Roalson. 2007. Diversification of the Old World Salsoleae s.l. (Chenopodiaceae): Molecular phylogenetic analysis of nuclear and chloroplast data sets and a revised classification. International Journal of Plant Sciences, Vol. 168 (6 ) 931- 956"
"Schedonorus arundinaceus", "Lolium arundinaceum (Schreber) Darbyshire", "Soreng, R.J., G. Davidse, P.M. Peterson, F.O. Zuloaga, E.J. Judziewicz, T.S. Filgueiras & O. Morrone. 2002+. Catalogue of New World Grasses (Poaceae). http://legacy.tropicos.org/Project/CNWG (consulted 2020-05-14)"
"Schedonorus arundinaceus", "Scolochloa festucacea (Willdenow) Link", "FNA Editorial Committee. 2007. Flora of North America north of Mexico. Volume 24: Poaceae (part 1). Oxford University Press, New York."
"Schedonorus giganteus", "Lolium giganteum (Linnaeus) Darbyshire", "Soreng, R.J., G. Davidse, P.M. Peterson, F.O. Zuloaga, E.J. Judziewicz, T.S. Filgueiras & O. Morrone. 2002+. Catalogue of New World Grasses (Poaceae). http://legacy.tropicos.org/Project/CNWG (consulted 2020-05-14)"
"Schedonorus pratensis", "Lolium pratense (Hudson) Darbyshire", "Soreng, R.J., G. Davidse, P.M. Peterson, F.O. Zuloaga, E.J. Judziewicz, T.S. Filgueiras & O. Morrone. 2002+. Catalogue of New World Grasses (Poaceae). http://legacy.tropicos.org/Project/CNWG (consulted 2020-05-14)"
"Schoenoplectus purshianus", "Schoenoplectiella purshiana (Fernald) Lye var. purshiana", "WCSP 2012+. World Checklist of Selected Plant Families. Facilitated by the Royal Botanic Gardens, Kew. Published on the Internet; http://apps.kew.org/wcsp/"
"Schoenoplectus purshianus var. purshianus", "Schoenoplectiella purshiana (Fernald) Lye var. purshiana", "WCSP 2012+. World Checklist of Selected Plant Families. Facilitated by the Royal Botanic Gardens, Kew. Published on the Internet; http://apps.kew.org/wcsp/"
"Schoenoplectus smithii", "Schoenoplectiella smithii (A. Gray) Hayasaka var. smithii", "WCSP 2012+. World Checklist of Selected Plant Families. Facilitated by the Royal Botanic Gardens, Kew. Published on the Internet; http://apps.kew.org/wcsp/"
"Schoenoplectus smithii var. setosus", "Schoenoplectiella smithii var. setosa (Fernald) Hayasaka", "WCSP 2012+. World Checklist of Selected Plant Families. Facilitated by the Royal Botanic Gardens, Kew. Published on the Internet; http://apps.kew.org/wcsp/"
"Schoenoplectus smithii var. smithii", "Schoenoplectiella smithii (A. Gray) Hayasaka var. smithii", "WCSP 2012+. World Checklist of Selected Plant Families. Facilitated by the Royal Botanic Gardens, Kew. Published on the Internet; http://apps.kew.org/wcsp/"
"Scirpus cyperinus", "Scirpus atrocinctus Fernald", "FNA Editorial Committee. 2002. Flora of North America north of Mexico. Volume 23: Cyperaceae. Oxford University Press, New York."
"Senecio jacobaea", "Jacobaea vulgaris Gaertner", "Euro+Med Editorial Committee. 2014+. Euro+Med PlantBase. http://www.emplantbase.org/"
"Setaria pumila subsp. pumila", "Setaria pumila (Poiret) Roemer & Schultes", "FNA Editorial Committee. 2003. Flora of North America north of Mexico. Volume 25: Poaceae (part 2). Oxford University Press, New York."
"Sibbaldiopsis tridentata", "Sibbaldia tridentata (Aiton) Paule & Soják", ""
"Sida hermaphrodita", "Ripariosida hermaphrodita (Linnaeus) Weakley & B.D. Poindexter", "Weakley, A.S. et alii. 2017. New combinations, rank changes, and monemclatural and taxonomic comments in the vascular flora of the southeastern United States. II. Journal of the Botanical Research Institute of Texas 11(2): 291-325"
"Silene armeria", "Atocion armeria (Linnaeus) Rafinesque", "Frajman, B., M. Thollesson & B. Oxelman. 2013. Taxonomic revision of Atocion and Viscaria (Sileneae, Caryophyllaceae). Botanical Journal of the Linnean Society 173: 194-210."
"Sisyrinchium angustifolium", "Sisyrinchium montanum var. crebrum Fernald", "FNA Editorial Committee. 2002. Flora of North America north of Mexico. Volume 26: Agavaceae, Aloaceae, Burmanniaceae, Dioscoreaceae, Haemodoraceae, Iridaceae, Liliaceae, Orchidaceae, Pontederiaceae, Smilacaceae and Stemonaceae. Oxford University Press, New York."
"Solidago altissima subsp. altissima", "Solidago altissima Linnaeus var. altissima", "Semple, J.C. 2013. Classification and illustrations of goldenrods. https://uwaterloo.ca/astereae-lab/research/goldenrods/classification-and-illustrations"
"Solidago altissima subsp. gilvocanescens", "Solidago altissima var. gilvocanescens (Rydberg) Semple", "Semple, J.C. 2013. Classification and illustrations of goldenrods. https://uwaterloo.ca/astereae-lab/research/goldenrods/classification-and-illustrations"
"Solidago puberula subsp. puberula", "Solidago puberula Nuttall", "FNA Editorial Committee. 2006. Flora of North America north of Mexico. Volume 20: Magnoliophyta: Asteridae, part 7: Asteraceae, part 2. Oxford University Press, New York."
"Solidago rugosa var. aspera", "Solidago rugosa subsp. aspera var. aspera (Aiton) Fernald", "FNA Editorial Committee. 2006. Flora of North America north of Mexico. Volume 20: Magnoliophyta: Asteridae, part 7: Asteraceae, part 2. Oxford University Press, New York."
"Solidago rugosa var. rugosa", "Solidago rugosa Miller subsp. rugosa var. rugosa", "FNA Editorial Committee. 2006. Flora of North America north of Mexico. Volume 20: Magnoliophyta: Asteridae, part 7: Asteraceae, part 2. Oxford University Press, New York."
"Solidago sempervirens subsp. sempervirens", "Solidago sempervirens Linnaeus", "FNA Editorial Committee. 2006. Flora of North America north of Mexico. Volume 20: Magnoliophyta: Asteridae, part 7: Asteraceae, part 2. Oxford University Press, New York."
"Solidago simplex var. gillmanii", "Solidago gillmanii (A. Gray) Steele", "Semple, J.C. & J.A. Peirson. 2013. A revised nomenclature for the Solidago simplex complex (Asteraceae: Astereae). Phytoneuron 2013-41. 1-"
"Solidago simplex var. ontarioensis", "Solidago ontarioensis (G.S. Ringius) Semple & Peirson", "Semple, J.C. & J.A. Peirson. 2013. A revised nomenclature for the Solidago simplex complex (Asteraceae: Astereae). Phytoneuron 2013-41. 1-"
"Solidago simplex var. simplex", "Solidago glutinosa Nuttall", "Semple, J.C., Y. Ma & L. Tong. 2016. On Solidago simplex (Asteraceae: Astereae): A multivariate study including S. glutinosa, S. leiocarpa, S. multiradiata, and S. spathulata. Phytoneuron 2016-87: 1-21"
"Solidago simplex var. simplex", "Solidago simplex Kunth", "Semple, J.C. & J.A. Peirson. 2013. A revised nomenclature for the Solidago simplex complex (Asteraceae: Astereae). Phytoneuron 2013-41. 1-"
"Solidago speciosa var. rigidiuscula", "Solidago rigidiuscula (Torrey & A. Gray) Porter", "Semple, J.C. 2013. Classification and illustrations of goldenrods. https://uwaterloo.ca/astereae-lab/research/goldenrods/classification-and-illustrations"
"Sorbus intermedia", "Scandosorbus intermedia (Ehrhart) Sennikov", "Sennikov, A.N. 2018. Scandosorbus (Rosaceae), a new generic name for Sorbus intermedia and its hybrid. Annales Botanici Fennici 55: 321-323"
"Sorghum", "Sorghum bicolor (Linnaeus) Moench subsp. bicolor", "FNA Editorial Committee. 2003. Flora of North America north of Mexico. Volume 25: Poaceae (part 2). Oxford University Press, New York."
"Sorghum", "Sorghum bicolor (Linnaeus) Moench subsp. bicolor", "FNA Editorial Committee. 2003. Flora of North America north of Mexico. Volume 25: Poaceae (part 2). Oxford University Press, New York."
"Spartina patens", "Sporobolus pumilus (Roth) P.M. Peterson & Saarela", "Peterson P.M., K. Romaschenko, Y.H. Arrieta & J.M. Saarela. 2014. A molecular phylogeny and new subgeneric classification of Sporobolus (Poaceae: Chloridoideae: Sporobolinae). Taxon 63 :1212–1243"
"Spartina pectinata", "Sporobolus michauxianus (Hitchcock) P.M. Peterson & Saarela", "Peterson P.M., K. Romaschenko, Y.H. Arrieta & J.M. Saarela. 2014. A molecular phylogeny and new subgeneric classification of Sporobolus (Poaceae: Chloridoideae: Sporobolinae). Taxon 63 :1212–1243"
"Spiraea alba var. latifolia", "Spiraea alba var. latifolia (Aiton) Dippel", "FNA Editorial Committee. 2014. Flora of North America north of Mexico. Volume 9: Magnoliophyta: Picramniaceae to Rosaceae. Oxford University Press, New York."
"Stuckenia filiformis subsp. alpina", "Stuckenia filiformis (Persoon) Börner", "FNA Editorial Committee. 2000. Flora of North America north of Mexico. Volume 22: Magnoliophyta: Alismatidae Arecidae, Commelinidae (in Part), and Zingiberidae. Oxford University Press, New York."
"Stuckenia filiformis subsp. occidentalis", "Stuckenia filiformis (Persoon) Börner", "FNA Editorial Committee. 2000. Flora of North America north of Mexico. Volume 22: Magnoliophyta: Alismatidae Arecidae, Commelinidae (in Part), and Zingiberidae. Oxford University Press, New York."
"Symphyotrichum lanceolatum var. hesperium", "Symphyotrichum lanceolatum subsp. hesperium (A. Gray) G.L. Nesom", "FNA Editorial Committee. 2006. Flora of North America north of Mexico. Volume 20: Magnoliophyta: Asteridae, part 7: Asteraceae, part 2. Oxford University Press, New York."
"Symphyotrichum lanceolatum var. interior", "Symphyotrichum lanceolatum subsp. lanceolatum var. interior (Wiegand) G.L. Nesom", "FNA Editorial Committee. 2006. Flora of North America north of Mexico. Volume 20: Magnoliophyta: Asteridae, part 7: Asteraceae, part 2. Oxford University Press, New York."
"Thelypteris noveboracensis", "Parathelypteris noveboracensis (Linnaeus) Ching", ""
"Thelypteris simulata", "Coryphopteris simulata (Davenport) S.E. Fawcett", "Fawcett, S. 2018. Coryphopteris simulata (Thelypteridaceae), a new combination for the Massachusetts Fern. American Fern Journal 108(3): 107-111"
"Thinopyrum ponticum", "Thinopyrum obtusiflorum (de Candolle) Banfi", "WCSP 2012+. World Checklist of Selected Plant Families. Facilitated by the Royal Botanic Gardens, Kew. Published on the Internet; http://apps.kew.org/wcsp/"
"Thinopyrum ponticum", "Thinopyrum obtusiflorum (de Candolle) Banfi", "WCSP 2012+. World Checklist of Selected Plant Families. Facilitated by the Royal Botanic Gardens, Kew. Published on the Internet; http://apps.kew.org/wcsp/"
"Triadenum fraseri", "Hypericum fraseri (Spach) Steudel", "Ruhfel, B.R., V. Bittrich, C.P. Bove, M. H. Gustafsson, C.T. Philbrick, R. Rutishauser, Z. Xi & C.C. Davis. 2011. phylogeny of the clusioid clade (Malpighiales): Evidence from the plastid and mitochondrial genomes. American Journal of Botany 98(2): 306-325"
"Triadenum virginicum", "Hypericum virginicum Linnaeus", "Ruhfel, B.R., V. Bittrich, C.P. Bove, M. H. Gustafsson, C.T. Philbrick, R. Rutishauser, Z. Xi & C.C. Davis. 2011. phylogeny of the clusioid clade (Malpighiales): Evidence from the plastid and mitochondrial genomes. American Journal of Botany 98(2): 306-325"
"Trientalis borealis", "Lysimachia borealis (Rafinesque) U. Manns & Anderberg", "Manns, U. & A.A. Anderberg. 2014. New combinations and names in Lysimachia (Myrsinaceae) for species of Anagallis, Pelletiera and Trientalis. Willdenowia 39: 49-54"
"Trillium erectum var. album", "Trillium erectum Linnaeus", "FNA Editorial Committee. 2002. Flora of North America north of Mexico. Volume 26: Agavaceae, Aloaceae, Burmanniaceae, Dioscoreaceae, Haemodoraceae, Iridaceae, Liliaceae, Orchidaceae, Pontederiaceae, Smilacaceae and Stemonaceae. Oxford University Press, New York."
"Trillium erectum var. erectum", "Trillium erectum Linnaeus", "FNA Editorial Committee. 2002. Flora of North America north of Mexico. Volume 26: Agavaceae, Aloaceae, Burmanniaceae, Dioscoreaceae, Haemodoraceae, Iridaceae, Liliaceae, Orchidaceae, Pontederiaceae, Smilacaceae and Stemonaceae. Oxford University Press, New York."
"Trillium undulatum", "Trillidium undulatum (Willdenow) Floden & E.E. Schilling", "Weakley, A.S., B.A. Sorrie, R.J. LeBlond, D.B. Poindexter, A.J. Floden, E.E. Schilling, A.R. Franck & J.C. Kees. 2018. New combinations, rank changes and nomenclatural and taxonomic comments in the vascular flora of the southeastern United States. IV. Journal of the Botanical Research Institute of Texas 12(2): 461-480"
"Trisetum melicoides", "Graphephorum melicoides (Michaux) Desvaux", "Soreng, R.J., G. Davidse, P.M. Peterson, F.O. Zuloaga, E.J. Judziewicz, T.S. Filgueiras & O. Morrone. 2002+. Catalogue of New World Grasses (Poaceae). http://legacy.tropicos.org/Project/CNWG (consulted 2020-05-14)"
"Trisetum spicatum", "Koeleria spicata (Linnaeus) Barberá, Quintanar, Soreng, & P.M. Peterson", "Barberá, P., A. Quintanar, P.M. Peterson, R.J. Soreng, K. Romaschenko & C. Aedo. 2019. New combinations, new names, typifications, and a new section, sect. Hispanica, in Koeleria (Poeae, Poaceae). Phytoneuron 2019-46: 1–13"
"Urtica dioica subsp. gracilis", "Urtica gracilis Aiton subsp. gracilis", "Tilo, H., D. Quandt, B. Grosse-Veldmann,, A. Monro & M. Weigand. 2014. Weeding the Nettles II: A delimitation of “Urtica dioica L.” (Urticaceae) based on morphological and molecular data, including a rehabilitation of Urtica gracilis Ait. Phytotaxa 162 (2): 61-83"
"Vaccaria hispanica", "Gypsophila vaccaria (Linnaeus) Smith", "Madhani, H., R. Rabeler, A. Pirani, B. Oxelman, G. Heubl & S. Zarre. 2018. Untangling phylogenetic patterns and taxonomic confusion in tribe Caryophylleae (Caryophyllaceae) with special focus on generic boundaries. Taxon 67: 83-112"
"Vaccinium corymbosum", "Vaccinium angustifolium Aiton", "FNA Editorial Committee. 2009. Flora of North America north of Mexico. Volume 8: Magnoliophyta: Paeoniaceae to Ericaceae. Oxford University Press, New York."
"Waldsteinia fragarioides", "Geum fragarioides (Michaux) Smedmark", "Smedmark, J.E.E. 2006. REcircumscription of Geum L. (Colurieae: Rosaceae). Botanische Jahrbücher für Systematik, Pflanzengeschichte und Pflanzengeographie 126: 409-417"
"Woodwardia virginica", "Anchistea virginica (Linnaeus) C. Presl", "Hassler, M. & B. Schmidt. 2014+. World Ferns. worldplants.webarchiv.kit.edu/ferns/index.php"
"Zea", "Zea mays Linnaeus subsp. mays", "FNA Editorial Committee. 2003. Flora of North America north of Mexico. Volume 25: Poaceae (part 2). Oxford University Press, New York."
"Zigadenus elegans", "Anticlea elegans (Pursh) Rydberg", "Zomlefer, W.B. & W.S. Judd. 2002. Resurrection of segregates of the polyphyletic genus Zigadenus s.l. (Liliales: Melanthiaceae) and resulting new combinations. Novon 12(2): 299-308."
"Achnatherum hymenoides", "Eriocoma hymenoides (Roemer & Schultes) Rydberg", "Soreng, R.J., G. Davidse, P.M. Peterson, F.O. Zuloaga, E.J. Judziewicz, T.S. Filgueiras & O. Morrone. 2002+. Catalogue of New World Grasses (Poaceae). http://legacy.tropicos.org/Project/CNWG (consulted 2020-05-14)"
"Achnatherum nelsonii", "Eriocoma nelsonii (Scribner) Romaschenko subsp. nelsonii", "Peterson, P.M., K. Romaschenko, R.J. Soreng & J.V. Reyna. 2019. A key to the North American genera of Stipeae (Poaceae, Pooideae) with descriptions and taxonomic names for species of Eriocoma, Neotrinia, Oloptum, and five new genera: Barkworthia, ×Eriosella, Pseudoeriocoma, Ptilagrostiella, and Thorneochloa. Phytokeys 126: 89–125"
"Achnatherum nelsonii subsp. dorei", "Eriocoma nelsonii subsp. dorei (Barkworth & J. Maze) Romaschenko", "Peterson, P.M., K. Romaschenko, R.J. Soreng & J.V. Reyna. 2019. A key to the North American genera of Stipeae (Poaceae, Pooideae) with descriptions and taxonomic names for species of Eriocoma, Neotrinia, Oloptum, and five new genera: Barkworthia, ×Eriosella, Pseudoeriocoma, Ptilagrostiella, and Thorneochloa. Phytokeys 126: 89–125"
"Achnatherum nelsonii subsp. nelsonii", "Eriocoma nelsonii (Scribner) Romaschenko subsp. nelsonii", "Peterson, P.M., K. Romaschenko, R.J. Soreng & J.V. Reyna. 2019. A key to the North American genera of Stipeae (Poaceae, Pooideae) with descriptions and taxonomic names for species of Eriocoma, Neotrinia, Oloptum, and five new genera: Barkworthia, ×Eriosella, Pseudoeriocoma, Ptilagrostiella, and Thorneochloa. Phytokeys 126: 89–125"
"Achnatherum occidentale", "Eriocoma occidentalis (Thurber ex S. Watson) Romaschenko", "Peterson, P.M., K. Romaschenko, R.J. Soreng & J.V. Reyna. 2019. A key to the North American genera of Stipeae (Poaceae, Pooideae) with descriptions and taxonomic names for species of Eriocoma, Neotrinia, Oloptum, and five new genera: Barkworthia, ×Eriosella, Pseudoeriocoma, Ptilagrostiella, and Thorneochloa. Phytokeys 126: 89–125"
"Achnatherum occidentale subsp. californicum", "Eriocoma occidentalis subsp. californica (Merrill & Burtt Davy) Romaschenko", "Peterson, P.M., K. Romaschenko, R.J. Soreng & J.V. Reyna. 2019. A key to the North American genera of Stipeae (Poaceae, Pooideae) with descriptions and taxonomic names for species of Eriocoma, Neotrinia, Oloptum, and five new genera: Barkworthia, ×Eriosella, Pseudoeriocoma, Ptilagrostiella, and Thorneochloa. Phytokeys 126: 89–125"
"Achnatherum occidentale subsp. pubescens", "Eriocoma occidentalis subsp. pubescens (Vasey) Romaschenko", "Peterson, P.M., K. Romaschenko, R.J. Soreng & J.V. Reyna. 2019. A key to the North American genera of Stipeae (Poaceae, Pooideae) with descriptions and taxonomic names for species of Eriocoma, Neotrinia, Oloptum, and five new genera: Barkworthia, ×Eriosella, Pseudoeriocoma, Ptilagrostiella, and Thorneochloa. Phytokeys 126: 89–125"
"Achnatherum richardsonii", "Eriocoma richardsonii (Link) Romaschenko", "Peterson, P.M., K. Romaschenko, R.J. Soreng & J.V. Reyna. 2019. A key to the North American genera of Stipeae (Poaceae, Pooideae) with descriptions and taxonomic names for species of Eriocoma, Neotrinia, Oloptum, and five new genera: Barkworthia, ×Eriosella, Pseudoeriocoma, Ptilagrostiella, and Thorneochloa. Phytokeys 126: 89–125"
"Alnus viridis subsp. fruticosa", "Alnus alnobetula subsp. fruticosa (Ruprecht) Raus", "Greuter, W. & E. Von Raab-Straube. 2011. Euro+Med Notulae 5. Willdenowia 41: 129-138"
"Alnus viridis subsp. sinuata", "Alnus alnobetula subsp. sinuata (Regel) Raus", "Greuter, W. & E. Von Raab-Straube. 2011. Euro+Med Notulae 5. Willdenowia 41: 129-138"
"Alyssum desertorum", "Alyssum turkestanicum Regel & Schmalhausen", "Koch, M.A., M. Kiefer et alii. 2017+. BrassiBase v. 1.2. http://brassibase.cos.uni-heidelberg.de/"
"Anagallis minima", "Lysimachia minima (Linnaeus) U. Manns & Anderberg", "Manns, U. & A.A. Anderberg. 2014. New combinations and names in Lysimachia (Myrsinaceae) for species of Anagallis, Pelletiera and Trientalis. Willdenowia 39: 49-54"
"Anemone occidentalis", "Pulsatilla occidentalis (S. Watson) Freyn", "Mosyakin, S.L. 2016. Nomenclatural notes on North American taxa of Anemonastrum and Pulsatilla (Ranunculaceae), with comments on the circumscription of Anemone and related genera. Phytoneuron 2016-79: 1–12"
"Anemone richardsonii", "Anemonastrum richardsonii (Hooker) Mosyakin", "Mosyakin, S.L. 2016. Nomenclatural notes on North American taxa of Anemonastrum and Pulsatilla (Ranunculaceae), with comments on the circumscription of Anemone and related genera. Phytoneuron 2016-79: 1–12"
"Artemisia furcata", "Artemisia hyperborea Rydberg", "Aiken, S.G., M.J. Dallwitz, L.L. Consaul, C.L., McJannet, R.L., Boles, G.W. Argus, J.M. Gillett, P.J. Scott, R. Elven, M.C. LeBlanc, L.J. Gillespie, A.K. Brysting, H. Solstad & J.G. Harris. 2007. Flora of the Canadian Arctic Archipelago: Descriptions, Illustrations, Identification, and Information Retrieval. [CD-ROM] NRC Research Press, National Research Council of Canada, Ottawa."
"Avenula hookeri", "Helictochloa hookeri (Scribner) Romero Zarco", "Soreng, R.J., G. Davidse, P.M. Peterson, F.O. Zuloaga, E.J. Judziewicz, T.S. Filgueiras & O. Morrone. 2002+. Catalogue of New World Grasses (Poaceae). http://legacy.tropicos.org/Project/CNWG (consulted 2020-05-14)"
"Berberis repens", "Mahonia repens (Lindley) G. Don", "Yu, C.-C. & K.-F. Chung. 2017. Why Mahonia? Molecular recircumscription of Berberis s.l., with the description of two new genera, Alloberberis and Moranothamnus. Taxon 66: 1371-1392"
"Bromus anomalus", "Bromus porteri (J.M. Coulter) Nash", "FNA Editorial Committee. 2007. Flora of North America north of Mexico. Volume 24: Poaceae (part 1). Oxford University Press, New York."
"Carex lenticularis var. dolia", "Carex enanderi Hultén", "WCSP 2012+. World Checklist of Selected Plant Families. Facilitated by the Royal Botanic Gardens, Kew. Published on the Internet; http://apps.kew.org/wcsp/"
"Carex lenticularis var. lipocarpa", "Carex kelloggii W. Boott var. kelloggii", "WCSP 2012+. World Checklist of Selected Plant Families. Facilitated by the Royal Botanic Gardens, Kew. Published on the Internet; http://apps.kew.org/wcsp/"
"Cheilanthes feei", "Myriopteris gracilis Fée", "Grusz, A.L. & M.D. Windham. 2013. Toward a monophyletic Cheilanthes: The resurrection and recircumscription of Myriopteris (Pteridaceae). PhytoKeys 32: 49-64"
"Cheilanthes gracillima", "Myriopteris gracillima (D.C. Eaton) J. Smith", ""
"Chenopodium foliosum", "Blitum virgatum Linnaeus subsp. virgatum", "Fuentes-Bazan S., P. Uotila & T. Borsch. 2012. A novel phylogeny-based generic classification for Chenopodium sensu lato, and a tribal rearrangement of Chenopodioideae (Chenopodiaceae). Willdenowia 42: 5 – 24"
"Chenopodium rubrum var. humile", "Oxybasis rubra var. humilis (Hooker) Mosyakin", "Mosyakin, S.L. 2013. New nomenclatural combinations in Blitum, Oxybasis, Chenopodiastrum, and Lipandra (Chenopodiaceae). Phytoneuron 2013-56: 1–8."
"Coryphantha vivipara", "Escobaria vivipara (Nuttall) Buxbaum", "ITIS. 2010. Integrated Taxonomic Information System (ITIS). http://www.itis.gov (consulted 2010)"
"Crepis nana", "Askellia pygmaea (Ledebebour) Sennikov", "Missouri Botanical Garden. 2011+. Tropicos.org.  www.tropicos.org"
"Dodecatheon conjugens", "Primula conjugens (Greene) A.R. Mast & Reveal var. conjugens", "Mast, A.R. & J.L. Reveal. 2007. Transfer of Dodecatheon to Primula (Primulaceae). Brittonia 59 (1): 79-82."
"Dodecatheon conjugens var. viscidum", "Primula conjugens var. viscida (Piper) A.R. Mast & Reveal", "Mast, A.R. & J.L. Reveal. 2007. Transfer of Dodecatheon to Primula (Primulaceae). Brittonia 59 (1): 79-82."
"Dodecatheon pulchellum", "Primula pauciflora (Greene) A.R. Mast & Reveal var. pauciflora", "Mast, A.R. & J.L. Reveal. 2007. Transfer of Dodecatheon to Primula (Primulaceae). Brittonia 59 (1): 79-82."
"Dodecatheon pulchellum var. pulchellum", "Primula pauciflora (Greene) A.R. Mast & Reveal var. pauciflora", "Mast, A.R. & J.L. Reveal. 2007. Transfer of Dodecatheon to Primula (Primulaceae). Brittonia 59 (1): 79-82."
"Eucephalus engelmannii", "Doellingeria engelmannii (D.C. Eaton) Semple, Brouillet & G.A. Allen", ""
"Hieracium triste", "Pilosella tristis (Willdenow ex Sprengel) F.W. Schultz & Schultz Bipontinus", ""
"Huperzia occidentalis", "Huperzia occidentalis (Clute) Kartesz & Gandhi", "FNA Editorial Committee. 1993. Flora of North America north of Mexico. Volume 2: Pteridophytes and Gymnosperms. Oxford University Press, New York."
"Juncus ensifolius var. montanus", "Juncus saximontanus A. Nelson", "Kirschner, J. et al. 2002. Species Plantarum: Flora of the World. Part 6, Juncaceae 1: Rostkovia to Luzula. 237 pp. Part 7, Juncaceae 2: Juncus subg. Juncus. 336 pp. Part 8, Juncaceae 3: Juncus subg. Agathryon. Australian Biological Resources Study, Canberra. 192 pp."
"Lilaea scilloides", "Triglochin scilloides (Poiret) Mering & Kadereit", "Meering, S. von & J.W. Kadereit. 2014. Phylogeny, biogeography and evolution of Triglochin L. (Juncaginaceae) - Morphologicl diversification is linked to habitat shifts rather than to genetic diversification. Molecular Phylogenetics and Evolution 83: 200-212"
"Listera caurina", "Neottia banksiana (Lindley) Reichenbach f.", "WCSP 2012+. World Checklist of Selected Plant Families. Facilitated by the Royal Botanic Gardens, Kew. Published on the Internet; http://apps.kew.org/wcsp/"
"Listera cordata var. nephrophylla", "Neottia cordata (Linnaeus) Richard", "WCSP 2012+. World Checklist of Selected Plant Families. Facilitated by the Royal Botanic Gardens, Kew. Published on the Internet; http://apps.kew.org/wcsp/"
"Maianthemum racemosum subsp. amplexicaule", "Maianthemum amplexicaule (Nuttall) W.A. Weber", "Weakley, A.S. et alii. 2017. New combinations, rank changes, and monemclatural and taxonomic comments in the vascular flora of the southeastern United States. II. Journal of the Botanical Research Institute of Texas 11(2): 291-325"
"Minuartia austromontana", "Sabulina austromontana (S.J. Wolf & J.G. Packer) Dillenberger & Kadereit", "Dillinger, M. & J.W. Kadereit. 2014. Maximum polyphyly: Multiple origins and delimitation with plesiomorphic characters require a new circumscription of Minuartia (Caryophyllaceae). Taxon 63(1): 64-88"
"Minuartia biflora", "Cherleria biflora (Linnaeus) A.J. Moore & Dillenberger", "Moore, A.J. & M.S. Dillenberger. 2017: A conspectus of the genus Cherleria (Minuartia s.l., Caryophyllaceae). Willdenowia 47: 5–14"
"Minuartia elegans", "Sabulina elegans (Chamisso & Schlechtendal) Dillenberger & Kadereit", "Dillinger, M. & J.W. Kadereit. 2014. Maximum polyphyly: Multiple origins and delimitation with plesiomorphic characters require a new circumscription of Minuartia (Caryophyllaceae). Taxon 63(1): 64-88"
"Minuartia nuttallii", "Sabulina nuttallii (Pax) Dillenberger & Kadereit var. nuttallii", "Dillinger, M. & J.W. Kadereit. 2014. Maximum polyphyly: Multiple origins and delimitation with plesiomorphic characters require a new circumscription of Minuartia (Caryophyllaceae). Taxon 63(1): 64-88"
"Minuartia nuttallii var. nuttallii", "Sabulina nuttallii (Pax) Dillenberger & Kadereit var. nuttallii", "Dillinger, M. & J.W. Kadereit. 2014. Maximum polyphyly: Multiple origins and delimitation with plesiomorphic characters require a new circumscription of Minuartia (Caryophyllaceae). Taxon 63(1): 64-88"
"Minuartia obtusiloba", "Cherleria obtusiloba (Rydberg) A.J. Moore & Dillenberger", "Moore, A.J. & M.S. Dillenberger. 2017: A conspectus of the genus Cherleria (Minuartia s.l., Caryophyllaceae). Willdenowia 47: 5–14"
"Monolepis nuttalliana", "Blitum nuttallianum Schultes", "Fuentes-Bazan S., P. Uotila & T. Borsch. 2012. A novel phylogeny-based generic classification for Chenopodium sensu lato, and a tribal rearrangement of Chenopodioideae (Chenopodiaceae). Willdenowia 42: 5 – 24"
"Orobanche corymbosa", "Aphyllon corymbosum (Rydberg) A.C. Schneider", "Schneider A.C. 2016. Resurrection of the genus Aphyllon for New World broomrapes (Orobanche s.l., Orobanchaceae). PhytoKeys 75: 107–118"
"Orobanche corymbosa subsp. mutabilis", "Aphyllon corymbosum subsp. mutabile (Heckard) A.C. Schneider", "Schneider A.C. 2016. Resurrection of the genus Aphyllon for New World broomrapes (Orobanche s.l., Orobanchaceae). PhytoKeys 75: 107–118"
"Orobanche ludoviciana", "Aphyllon ludovicianum (Nuttall) A. Gray", "Schneider A.C. 2016. Resurrection of the genus Aphyllon for New World broomrapes (Orobanche s.l., Orobanchaceae). PhytoKeys 75: 107–118"
"Orobanche uniflora subsp. occidentalis", "Aphyllon purpureum (A. Heller) Holub", "Schneider A.C. 2016. Resurrection of the genus Aphyllon for New World broomrapes (Orobanche s.l., Orobanchaceae). PhytoKeys 75: 107–118"
"Packera cymbalaria", "Packera heterophylla (Fischer) E. Wiebe", "Elven, R. (Ed) 2007+. Checklist of the Panarctic Flora (PAF) Vascular Plants. http://www.binran.ru/infsys/paflist/index.htm (consulted 2011)"
"Papaver radicatum subsp. kluanense", "Papaver kluanense D. Löve", "Solstad, H. 2009. Taxonomy and evolution of the diploid and polyploid Papaver sect. Meconella (Papaveraceae). PhD. Thesis Nr. 822. Faculty of Mathematics and Natural Sciences, University of Oslo. Oslo."
"Prenanthes alata", "Nabalus alatus Hooker", "Missouri Botanical Garden. 2011+. Tropicos.org.  www.tropicos.org"
"Prenanthes sagittata", "Nabalus sagittatus (A. Gray) Rydberg", "Missouri Botanical Garden. 2011+. Tropicos.org.  www.tropicos.org"
"Pteridium aquilinum var. pubescens", "Pteridium aquilinum subsp. pubescens (Underw.) J.A. Thomson, Mickel & Mehltreter", "Hassler, M. & B. Schmidt. 2014+. World Ferns. worldplants.webarchiv.kit.edu/ferns/index.php"
"Saxifraga bronchialis subsp. austromontana", "Saxifraga austromontana Wiegand", "DeChaine, E.G. 2014. Introducing the Spotted Saxifrages: Saxifraga Sect. Bronchiales, Sect. Nov. (Saxifragaceae). Rhodora 116: 25-40"
"Schedonnardus paniculatus", "Muhlenbergia paniculata (Nuttall) Columbus", "Columbus, J.T. & J.P. Smith Jr. 2010. Nomenclatural changes for some grasses in California and the Muhlenbergia clade (Poaceae). Aliso 28: 65-67."
"Spartina gracilis", "Sporobolus hookerianus P.M. Peterson & Saarela", "Peterson P.M., K. Romaschenko, Y.H. Arrieta & J.M. Saarela. 2014. A molecular phylogeny and new subgeneric classification of Sporobolus (Poaceae: Chloridoideae: Sporobolinae). Taxon 63 :1212–1243"
"Stenanthium occidentale", "Anticlea occidentalis (A. Gray) Zomlefer & Judd", "Zomlefer, W.B. & W.S. Judd. 2002. Resurrection of segregates of the polyphyletic genus Zigadenus s.l. (Liliales: Melanthiaceae) and resulting new combinations. Novon 12(2): 299-308."
"Symphyotrichum bracteolatum", "Symphyotrichum eatonii (A. Gray) G.L. Nesom", "FNA Editorial Committee. 2006. Flora of North America north of Mexico. Volume 20: Magnoliophyta: Asteridae, part 7: Asteraceae, part 2. Oxford University Press, New York."
"Synthyris wyomingensis", "Veronica wyomingensis (A. Nelson) M.M. Martinéz Ortega & Albach", "Albach, D.C., M.M. Martinez-Ortega, M.A. Fischer & M.W. Chase. 2004. A new classification of the tribe Veroniceae-problems and a possible solution. Taxon 53 (2): 429-452."
"Transberingia bursifolia", "Crucihimalaya bursifolia (de Candolle) D.A. German & A.L. Ebel", "Missouri Botanical Garden. 2011+. Tropicos.org.  www.tropicos.org"
"Transberingia bursifolia subsp. virgata", "Crucihimalaya virgata (Nuttall) D.A. German & A.L.Ebel", "Missouri Botanical Garden. 2011+. Tropicos.org.  www.tropicos.org"
"Trientalis europaea", "Lysimachia europaea (Linnaeus) U. Manns & Anderberg", "Manns, U. & A.A. Anderberg. 2014. New combinations and names in Lysimachia (Myrsinaceae) for species of Anagallis, Pelletiera and Trientalis. Willdenowia 39: 49-54"
"Trisetum canescens", "Trisetum cernuum subsp. canescens (Buckley) Calder & Roy L. Taylor", "Finot, V.L., P.M. Peterson, R.J. Soreng & F.O. Zuolaga. 2005. A revision of Trisetum (Poaceae: Pooideae: Sveninae) in Mexico and Central America. Sida 21: 1419-1453."
"Trisetum wolfii", "Graphephorum wolfii (Vasey) Vasey ex Coulter", "Soreng, R.J., G. Davidse, P.M. Peterson, F.O. Zuloaga, E.J. Judziewicz, T.S. Filgueiras & O. Morrone. 2002+. Catalogue of New World Grasses (Poaceae). http://legacy.tropicos.org/Project/CNWG (consulted 2020-05-14)"
"Zigadenus venenosus var. gramineus", "Toxicoscordion venenosum var. gramineum (Rydberg) Brasher", "Brasher, J.W. 2009. A new combination in Toxicoscordion (Melanthiaceae) for the Rocky Mountain Region, North America. Novon 19 (3): 295-296."
"Abronia umbellata var. acutalata", "Abronia umbellata var. breviflora (Standley) L.A. Galloway", "Jepson Flora Project (eds.) 2013. Jepson eFlora, http://ucjeps.berkeley.edu/IJM.html [accessed on 2014-01-15]"
"Achnatherum lemmonii", "Eriocoma lemmonii (Vasey) Romaschenko subsp. lemmonii", "Peterson, P.M., K. Romaschenko, R.J. Soreng & J.V. Reyna. 2019. A key to the North American genera of Stipeae (Poaceae, Pooideae) with descriptions and taxonomic names for species of Eriocoma, Neotrinia, Oloptum, and five new genera: Barkworthia, ×Eriosella, Pseudoeriocoma, Ptilagrostiella, and Thorneochloa. Phytokeys 126: 89–125"
"Achnatherum lemmonii subsp. lemmonii", "Eriocoma lemmonii (Vasey) Romaschenko subsp. lemmonii", "Peterson, P.M., K. Romaschenko, R.J. Soreng & J.V. Reyna. 2019. A key to the North American genera of Stipeae (Poaceae, Pooideae) with descriptions and taxonomic names for species of Eriocoma, Neotrinia, Oloptum, and five new genera: Barkworthia, ×Eriosella, Pseudoeriocoma, Ptilagrostiella, and Thorneochloa. Phytokeys 126: 89–125"
"Anemone narcissiflora var. monantha", "Anemonastrum sibiricum (Linnaeus) Holub", "Mosyakin, S.L. 2016. Nomenclatural notes on North American taxa of Anemonastrum and Pulsatilla (Ranunculaceae), with comments on the circumscription of Anemone and related genera. Phytoneuron 2016-79: 1–12"
"Berberis aquifolium", "Mahonia aquifolium (Pursh) Nuttall", "Yu, C.-C. & K.-F. Chung. 2017. Why Mahonia? Molecular recircumscription of Berberis s.l., with the description of two new genera, Alloberberis and Moranothamnus. Taxon 66: 1371-1392"
"Berberis nervosa", "Mahonia nervosa (Pursh) Nuttall", "Yu, C.-C. & K.-F. Chung. 2017. Why Mahonia? Molecular recircumscription of Berberis s.l., with the description of two new genera, Alloberberis and Moranothamnus. Taxon 66: 1371-1392"
"Blechnum spicant", "Struthiopteris spicant (Linnaeus) Weis", "Hassler, M. & B. Schmidt. 2014+. World Ferns. worldplants.webarchiv.kit.edu/ferns/index.php"
"Blechnum spicant", "Struthiopteris spicant (Linnaeus) Weis", "Hassler, M. & B. Schmidt. 2014+. World Ferns. worldplants.webarchiv.kit.edu/ferns/index.php"
"Blechnum spicant", "Struthiopteris spicant (Linnaeus) Weis", "Hassler, M. & B. Schmidt. 2014+. World Ferns. worldplants.webarchiv.kit.edu/ferns/index.php"
"Braya glabella subsp. purpurascens", "Braya purpurascens (R. Brown) Bunge ex Ledebour", "Koch, M.A., M. Kiefer et alii. 2017+. BrassiBase v. 1.2. http://brassibase.cos.uni-heidelberg.de/"
"Bromus polyanthus", "Bromus sitchensis var. polyanthus (Scribner ex Shear) R.E. Brainerd & Otting", "FNA Editorial Committee. 2007. Flora of North America north of Mexico. Volume 24: Poaceae (part 1). Oxford University Press, New York."
"Cakile edentula var. edentula", "Cakile edentula (Bigelow) Hooker subsp. edentula var. edentula", "FNA Editorial Committee. 2007. Flora of North America north of Mexico. Volume 24: Poaceae (part 1). Oxford University Press, New York."
"Calamagrostis sesquiflora", "Calamagrostis sesquiflora (Trinius) Tzelev", "FNA Editorial Committee. 2007. Flora of North America north of Mexico. Volume 24: Poaceae (part 1). Oxford University Press, New York."
"Carex brevicaulis", "Carex zikae H.E. Roalson & M.J. Waterway", "Global Carex Group. 2015. Making Carex monophyletic (Cyperaceae, tribe Cariceae): a new broader circumscription. Botanical Journal of the Linnean Society"
"Carex lenticularis var. limnophila", "Carex kelloggii var. limnophila (Holm) B.L. Wilson & R.E. Brainerd", "WCSP 2012+. World Checklist of Selected Plant Families. Facilitated by the Royal Botanic Gardens, Kew. Published on the Internet; http://apps.kew.org/wcsp/"
"Chamaecyparis nootkatensis", "Callitropsis nootkatensis (D. Don) Oersted ex D.P. Little", "Adams, R.P., J.A. Bartel & R.A. Price. 2009. A new genus, Hesperocyparis, for the Cypresses of the Western Hemisphere (Cupressaceae). Phytologia 91: 160-185."
"Chenopodium macrospermum", "Oxybasis macrosperma (Hooker f.) S. Fuentes, Uotila & Borsch", "Fuentes-Bazan S., P. Uotila & T. Borsch. 2012. A novel phylogeny-based generic classification for Chenopodium sensu lato, and a tribal rearrangement of Chenopodioideae (Chenopodiaceae). Willdenowia 42: 5 – 24"
"Cimicifuga elata", "Actaea elata (Nuttall) Prantl", "Klinkenberg, B. (ed.). 2010+. E-Flora BC: Electronic Atlas of the Plants of British Columbia. Lab. for Advanced Spatial Analysis, Department of Geography, University of British Columbia, Vancouver, B.C. http://www.eflora.bc.ca"
"Cistanthe tweedyi", "Lewisiopsis tweedyi (A. Gray) Govaerts", "USDA Agriculture Research Service (ARS). 2010+. Germplasm Resources Information Network (GRIN). USDA Agriculture Research Service (ARS), National Genetic Resources Program. National Germplasm Resources Laboratory, Beltsville, Md. http://www.ars-grin.gov/npgs/index.html"
"Cotoneaster simonsii", "Cotoneaster symondsii T. Moore", "FNA Editorial Committee. 2014. Flora of North America north of Mexico. Volume 9: Magnoliophyta: Picramniaceae to Rosaceae. Oxford University Press, New York."
"Crypsis alopecuroides", "Sporobolus alopecuroides (Piller & Mitterpacher) P.M. Peterson", "Peterson P.M., K. Romaschenko, Y.H. Arrieta & J.M. Saarela. 2014. A molecular phylogeny and new subgeneric classification of Sporobolus (Poaceae: Chloridoideae: Sporobolinae). Taxon 63 :1212–1243"
"Dodecatheon dentatum", "Primula latiloba (A. Gray) A.R. Mast & Reveal", "Mast, A.R. & J.L. Reveal. 2007. Transfer of Dodecatheon to Primula (Primulaceae). Brittonia 59 (1): 79-82."
"Dodecatheon frigidum", "Primula frigida (Chamisso & Schlechtendal) A.R. Mast & Reveal", "Mast, A.R. & J.L. Reveal. 2007. Transfer of Dodecatheon to Primula (Primulaceae). Brittonia 59 (1): 79-82."
"Dodecatheon hendersonii", "Primula hendersonii (A. Gray) A.R. Mast & Reveal", "Mast, A.R. & J.L. Reveal. 2007. Transfer of Dodecatheon to Primula (Primulaceae). Brittonia 59 (1): 79-82."
"Dodecatheon jeffreyi", "Primula jeffreyi (Van Houtte) A.R. Mast & Reveal", "Mast, A.R. & J.L. Reveal. 2007. Transfer of Dodecatheon to Primula (Primulaceae). Brittonia 59 (1): 79-82."
"Dodecatheon pulchellum var. cusickii", "Primula pauciflora var. cusickii (Greene) A.R. Mast & Reveal", "Mast, A.R. & J.L. Reveal. 2007. Transfer of Dodecatheon to Primula (Primulaceae). Brittonia 59 (1): 79-82."
"Eucephalus paucicapitatus", "Doellingeria paucicapitata (B.L. Robinson) Semple, Brouillet & G.A. Allen", ""
"Fallopia ×bohemica", "Reynoutria ×bohemica Chrtek & Chrtková", "Missouri Botanical Garden. 2011+. Tropicos.org.  www.tropicos.org"
"Hieracium flagellare", "Pilosella flagellaris (Willdenow) Arvet-Touvet", "Hand, R., Kilian, N. & E. von Raab-Straube (eds.). 2009- (continuously updated). International Cichorieae Network: Cichorieae Portal. http://wp6-cichorieae.e-taxonomy.eu/portal (consulted 2010-05-27)"
"Hypericum maculatum", "Hypericum punctatum Lamarck", "FNA Editorial Committee. 2015. Flora of North America north of Mexico. Volume 6: Magnoliophyta: Cucurbitaceae to Droseraceae. Oxford University Press, New York."
"Juncus falcatus var. sitchensis", "Juncus falcatus subsp. sitchensis (Buchenau) Hultén", "Kirschner, J. et al. 2002. Species Plantarum: Flora of the World. Part 6, Juncaceae 1: Rostkovia to Luzula. 237 pp. Part 7, Juncaceae 2: Juncus subg. Juncus. 336 pp. Part 8, Juncaceae 3: Juncus subg. Agathryon. Australian Biological Resources Study, Canberra. 192 pp."
"Juniperus communis var. montana", "Juniperus communis var. saxatilis Pallas", "Adams, R.P. 2008. Junipers of the World: The genus Juniperus. 2nd ed. Trafford Publ., Vancouver."
"Luzula arctica", "Luzula nivalis (Laestadius) Sprengel", "Kirschner, J. et al. 2002. Species Plantarum: Flora of the World. Part 6, Juncaceae 1: Rostkovia to Luzula. 237 pp. Part 7, Juncaceae 2: Juncus subg. Juncus. 336 pp. Part 8, Juncaceae 3: Juncus subg. Agathryon. Australian Biological Resources Study, Canberra. 192 pp."
"Minuartia macrocarpa", "Pseudocherleria macrocarpa (Pursh) Dillenberger & Kadereit", "Dillinger, M. & J.W. Kadereit. 2014. Maximum polyphyly: Multiple origins and delimitation with plesiomorphic characters require a new circumscription of Minuartia (Caryophyllaceae). Taxon 63(1): 64-88"
"Minuartia pusilla", "Sabulina pusilla (S. Watson) Dillenberger & Kadereit", "Dillinger, M. & J.W. Kadereit. 2014. Maximum polyphyly: Multiple origins and delimitation with plesiomorphic characters require a new circumscription of Minuartia (Caryophyllaceae). Taxon 63(1): 64-88"
"Minuartia tenella", "Sabulina macra (A. Nelson & J.F. Macbride) Dillenberger & Kadereit", "Dillinger, M. & J.W. Kadereit. 2014. Maximum polyphyly: Multiple origins and delimitation with plesiomorphic characters require a new circumscription of Minuartia (Caryophyllaceae). Taxon 63(1): 64-88"
"Minuartia yukonensis", "Cherleria yukonensis (Hultén) A.J. Moore & Dillenberger", "Moore, A.J. & M.S. Dillenberger. 2017: A conspectus of the genus Cherleria (Minuartia s.l., Caryophyllaceae). Willdenowia 47: 5–14"
"Myrica californica", "Morella californica (Chamisso) Wilbur", ""
"Orobanche californica", "Aphyllon californicum (Chamisso & Schlechtendal) A. Gray subsp. californicum", "Missouri Botanical Garden. 2011+. Tropicos.org.  www.tropicos.org"
"Orobanche californica subsp. californica", "Aphyllon californicum (Chamisso & Schlechtendal) A. Gray subsp. californicum", "Missouri Botanical Garden. 2011+. Tropicos.org.  www.tropicos.org"
"Orobanche pinorum", "Aphyllon pinorum (Geyer ex Hooker) A. Gray", "Schneider A.C. 2016. Resurrection of the genus Aphyllon for New World broomrapes (Orobanche s.l., Orobanchaceae). PhytoKeys 75: 107–118"
"Persicaria wallichii", "Koenigia polystachya (Wallich ex Meisner) T.M. Schuster & Reveal", "Schuster, T.M., J.L. Reveal, M.J. Bayly & K.A. Kron. 2015. An updated molecular phylogeny of Polygonoideae (Polygonaceae): Relationships of Oxygonum, Pteroxygonum, and Rumex, and a new circumscription of Koenigia. Taxon 64(6): 1188-1208"
"Persicaria wallichii var. wallichii", "Koenigia polystachya (Wallich ex Meisner) T.M. Schuster & Reveal", "Schuster, T.M., J.L. Reveal, M.J. Bayly & K.A. Kron. 2015. An updated molecular phylogeny of Polygonoideae (Polygonaceae): Relationships of Oxygonum, Pteroxygonum, and Rumex, and a new circumscription of Koenigia. Taxon 64(6): 1188-1208"
"Piperia candida", "Platanthera candida (Rand. Morgan & J.D. Ackerman) R.M. Bateman", "Bateman, R.M., P.M. Hollingsworth, J. Preston, Y.-B. Luo, A.M. Pridgeon & M.W. Chase. 2003. Molecular phylogenetics and evolution of Orchidinae and selected Habenariinae (Orchidaceae). Botanical Journal of the Linnean Society 142: 1-40."
"Piperia elongata", "Platanthera elongata (Rydberg) R.M. Bateman", "Bateman, R.M., P.M. Hollingsworth, J. Preston, Y.-B. Luo, A.M. Pridgeon & M.W. Chase. 2003. Molecular phylogenetics and evolution of Orchidinae and selected Habenariinae (Orchidaceae). Botanical Journal of the Linnean Society 142: 1-40."
"Piperia transversa", "Platanthera transversa (Suksdorf) R.M. Bateman", "Bateman, R.M., P.M. Hollingsworth, J. Preston, Y.-B. Luo, A.M. Pridgeon & M.W. Chase. 2003. Molecular phylogenetics and evolution of Orchidinae and selected Habenariinae (Orchidaceae). Botanical Journal of the Linnean Society 142: 1-40."
"Potentilla villosa", "Potentilla villosula Jurtzev", "FNA Editorial Committee. 2014. Flora of North America north of Mexico. Volume 9: Magnoliophyta: Picramniaceae to Rosaceae. Oxford University Press, New York."
"Ranunculus aquatilis var. aquatilis", "Ranunculus aquatilis Linnaeus", "FNA Editorial Committee. 1997. Flora of North America north of Mexico. Volume 3: Magnoliophyta: Magnoliidae and Hamamelidae. Oxford University Press, New York."
"Ranunculus testiculatus", "Ceratocephala testiculata (Crantz) Roth", "Hörandl, E., O. Paun, J.T. Johansson, C. Lehnebach, T. Armstrong, L. Chen & P. Lockhart. 2005. Phylogenetic relationships and evolutionary traits in Ranunculus s.l. (Ranunculaceae) inferred from ITS sequence analysis . Molecular Phylogenetics and Evolution 36: 305-327."
"Rumex persicarioides", "Rumex fueginus Philippi", "FNA Editorial Committee. 2005. Flora of North America north of Mexico. Volume 5: Magnoliophyta: Caryophyllidae, part 2. Oxford University Press, New York."
"Salix glauca var. acutifolia", "Salix glauca var. acutifolia (Hooker) C.K. Schneider", "FNA Editorial Committee. 2010. Flora of North America north of Mexico. Volume 7: Magnoliophyta: Salicaceae to Brassicaceae. Oxford University Press, New York."
"Sarcocornia perennis", "Salicornia perennis Miller", "Piirainen, M., O. Liebisch & G. Kadereit. 2017. Phylogeny, biogeography, systematics and taxonomy of Salicornioideae (Amaranthaceae/Chenopodiaceae) - A cosmopolitan, highly specialized hygrohalophyte lineage dating back to the Oligocene. Taxon 66: 109-132"
"Saxifraga bronchialis subsp. funstonii", "Saxifraga funstonii (Small) Fedde", "DeChaine, E.G. 2014. Introducing the Spotted Saxifrages: Saxifraga Sect. Bronchiales, Sect. Nov. (Saxifragaceae). Rhodora 116: 25-40"
"Schoenoplectus saximontanus", "Schoenoplectiella saximontana (Fernald) Lye", "WCSP 2012+. World Checklist of Selected Plant Families. Facilitated by the Royal Botanic Gardens, Kew. Published on the Internet; http://apps.kew.org/wcsp/"
"Solidago simplex var. nana", "Solidago bellidifolia Greene", "Semple, J.C., Y. Ma & L. Tong. 2016. On Solidago simplex (Asteraceae: Astereae): A multivariate study including S. glutinosa, S. leiocarpa, S. multiradiata, and S. spathulata. Phytoneuron 2016-87: 1-21"
"Spartina anglica", "Sporobolus anglicus (C.E. Hubbard) P.M. Peterson & Saarela", "Peterson P.M., K. Romaschenko, Y.H. Arrieta & J.M. Saarela. 2014. A molecular phylogeny and new subgeneric classification of Sporobolus (Poaceae: Chloridoideae: Sporobolinae). Taxon 63 :1212–1243"
"Spartina densiflora", "Sporobolus montevidensis (Arechavaleta) P.M. Peterson & Saarela", "Peterson P.M., K. Romaschenko, Y.H. Arrieta & J.M. Saarela. 2014. A molecular phylogeny and new subgeneric classification of Sporobolus (Poaceae: Chloridoideae: Sporobolinae). Taxon 63 :1212–1243"
"Spartina ×townsendii", "Sporobolus ×townsendii (H. Groves & J. Groves) P.M. Peterson & Saarela", "Peterson P.M., K. Romaschenko, Y.H. Arrieta & J.M. Saarela. 2014. A molecular phylogeny and new subgeneric classification of Sporobolus (Poaceae: Chloridoideae: Sporobolinae). Taxon 63 :1212–1243"
"Thelypteris nevadensis", "Parathelypteris nevadensis (Baker) Holttum", ""
"Thelypteris quelpaertensis", "Oreopteris quelpaertensis (Christ) Holub", ""
"Trientalis latifolia", "Lysimachia latifolia (Hooker) Cholewa", "Cholewa, A.F. 2014. Lysimachia latifolia (Myrsinaceae), an overlooked nomenclatural change. Phytoneuron 2014-28: 1-2"
"Vulpia microstachys var. confusa", "Vulpia microstachys (Nuttall) Munro", "FNA Editorial Committee. 2007. Flora of North America north of Mexico. Volume 24: Poaceae (part 1). Oxford University Press, New York."
"Vulpia microstachys var. pauciflora", "Vulpia microstachys (Nuttall) Munro", "FNA Editorial Committee. 2007. Flora of North America north of Mexico. Volume 24: Poaceae (part 1). Oxford University Press, New York."
"Zigadenus venenosus var. venenosus", "Toxicoscordion venenosum (S. Watson) Rydberg var. venenosum", "Zomlefer, W.B. & W.S. Judd. 2002. Resurrection of segregates of the polyphyletic genus Zigadenus s.l. (Liliales: Melanthiaceae) and resulting new combinations. Novon 12(2): 299-308."
"Cardamine nymanii", "Cardamine polemonioides Rouy", "Koch, M.A., M. Kiefer et alii. 2017+. BrassiBase v. 1.2. http://brassibase.cos.uni-heidelberg.de/"
"Cotoneaster melanocarpus", "Cotoneaster laxiflorus Jacquin ex Lindley", ""
"Dodecatheon meadia", "Primula meadia (Linnaeus) A.R. Mast & Reveal", "Mast, A.R. & J.L. Reveal. 2007. Transfer of Dodecatheon to Primula (Primulaceae). Brittonia 59 (1): 79-82."
"Carex scoparia var. tessellata", "Carex waponahkikensis Lovit & A. Haines", "Lovit, M. & A. Haines. 2012. A new name and status for Carex scoparia var. tessellata (Cyperaceae). Botanical Notes 14"
"Hydrangea arborescens", "Hydrangea arborescens Linnaeus", "FNA Editorial Committee. 2016. Flora of North America north of Mexico. Volume 12. Magnoliophyta: Vitaceae to Garryaceae. Oxford University Press, New York."
"Isoëtes acadiensis", "Isoetes tuckermanii subsp. acadiensis (Kott) D.F. Brunton", "Brunton, D.F. 2018. Distribution and taxonomy of Isoetes tuckermanii subsp. acadiensis, comb. nov. (Isoetaceae) in North America. Canadian Field-Naturalist 132: 360–367"
"Juncus trifidus", "Oreojuncus trifidus (Linnaeus) Záveská Drábková & Kirschner", "Záveská Drábková L. & J. Kirschner. 2013. Oreojuncus, a new genus in the Juncaceae. Preslia 85: 483-503."
"Leontodon autumnalis", "Scorzoneroides autumnalis (Linnaeus) Moench", "ICN (Hand, R., Kilian, N. & Raab-Straube, E. von; general editors) 2009+ (continuously updated): International Cichorieae Network: Cichorieae Portal. Published on the Internet at http://wp6-cichorieae.e-taxonomy.eu/portal/."
"Luzula pallidula", "Luzula pallescens Swartz", "Kirschner, J. et al. 2002. Species Plantarum: Flora of the World. Part 6, Juncaceae 1: Rostkovia to Luzula. 237 pp. Part 7, Juncaceae 2: Juncus subg. Juncus. 336 pp. Part 8, Juncaceae 3: Juncus subg. Agathryon. Australian Biological Resources Study, Canberra. 192 pp."
"Salsola kali", "Kali turgidum (Dumortier) Gutermann", "Akhani, H., G. Edwards & E.H. Roalson. 2007. Diversification of the Old World Salsoleae s.l. (Chenopodiaceae): Molecular phylogenetic analysis of nuclear and chloroplast data sets and a revised classification. International Journal of Plant Sciences, Vol. 168 (6 ) 931- 956"
"Salsola kali subsp. kali", "Kali turgidum (Dumortier) Gutermann", "Akhani, H., G. Edwards & E.H. Roalson. 2007. Diversification of the Old World Salsoleae s.l. (Chenopodiaceae): Molecular phylogenetic analysis of nuclear and chloroplast data sets and a revised classification. International Journal of Plant Sciences, Vol. 168 (6 ) 931- 956"
"Schoenoplectus smithii var. levisetus", "Schoenoplectiella smithii var. leviseta (Fassett) Hayasaka", "WCSP 2012+. World Checklist of Selected Plant Families. Facilitated by the Royal Botanic Gardens, Kew. Published on the Internet; http://apps.kew.org/wcsp/"
"Solidago lepida subsp. fallax", "Solidago fallax (Fernald) Semple var. fallax", "Semple, J.C. 2013. A new species of Triplinerviae goldenrod in eastern Canada (Asteraceae: Astereae): Solidago brendiae. Phytoneuron 2013-57: 1–9."
"Solidago simplex var. racemosa", "Solidago racemosa Greene", "Semple, J.C. & J.A. Peirson. 2013. A revised nomenclature for the Solidago simplex complex (Asteraceae: Astereae). Phytoneuron 2013-41. 1-"
"Spartina alterniflora", "Sporobolus alterniflorus (Loiseleur-Deslongchamps) P.M. Peterson & Saarela", "Peterson P.M., K. Romaschenko, Y.H. Arrieta & J.M. Saarela. 2014. A molecular phylogeny and new subgeneric classification of Sporobolus (Poaceae: Chloridoideae: Sporobolinae). Taxon 63 :1212–1243"
"Spartina ×caespitosa", "Sporobolus ×eatonianus P.M. Peterson & Saarela", "Peterson P.M., K. Romaschenko, Y.H. Arrieta & J.M. Saarela. 2014. A molecular phylogeny and new subgeneric classification of Sporobolus (Poaceae: Chloridoideae: Sporobolinae). Taxon 63 :1212–1243"
"Carex viridula var. saxilittoralis", "Carex viridula subsp. brachyrrhyncha var. saxilittoralis (Robertson) Crins", "Peterson P.M., K. Romaschenko, Y.H. Arrieta & J.M. Saarela. 2014. A molecular phylogeny and new subgeneric classification of Sporobolus (Poaceae: Chloridoideae: Sporobolinae). Taxon 63 :1212–1243"
"Euphrasia frigida", "Euphrasia wettsteinii G.L. Gusarova", "FNA Editorial Committee. 2019. Flora of North America north of Mexico. Volume 17. Magnoliophyta: Tetrachondraceae to Orobanchaceae. Oxford University Press, New York."
"Silene suecica", "Viscaria alpina (Linnaeus) G. Don", "Frajman, B., M. Thollesson & B. Oxelman. 2013. Taxonomic revision of Atocion and Viscaria (Sileneae, Caryophyllaceae). Botanical Journal of the Linnean Society 173: 194-210."
"Aconogonon alaskanum", "Koenigia alaskana (Small) T.M. Schuster & Reveal var. alaskana", "Schuster, T.M., J.L. Reveal, M.J. Bayly & K.A. Kron. 2015. An updated molecular phylogeny of Polygonoideae (Polygonaceae): Relationships of Oxygonum, Pteroxygonum, and Rumex, and a new circumscription of Koenigia. Taxon 64(6): 1188-1208"
"Aconogonon alaskanum var. glabrescens", "Koenigia alaskana var. glabrescens (Hultén) T.M. Schuster & Reveal", "Schuster, T.M., J.L. Reveal, M.J. Bayly & K.A. Kron. 2015. An updated molecular phylogeny of Polygonoideae (Polygonaceae): Relationships of Oxygonum, Pteroxygonum, and Rumex, and a new circumscription of Koenigia. Taxon 64(6): 1188-1208"
"Deschampsia brevifolia", "Deschampsia cespitosa subsp. septentrionalis Chiapella", "Missouri Botanical Garden. 2011+. Tropicos.org.  www.tropicos.org"
"Eriophorum angustifolium subsp. triste", "Eriophorum triste (Th. Fries) Hadac & Á. Löve", "Cayouette, J. (ined.) Cyperaceae. In S. Payette, éd., Flore du Québec-Labrador nordique. (Herbier Louis-Marie, Université Laval, Québec.) (manuscrit non publié, sous révision)"
"Juncus triglumis var. triglumis", "Juncus triglumis Linnaeus subsp. triglumis", "Kirschner, J. et al. 2002. Species Plantarum: Flora of the World. Part 6, Juncaceae 1: Rostkovia to Luzula. 237 pp. Part 7, Juncaceae 2: Juncus subg. Juncus. 336 pp. Part 8, Juncaceae 3: Juncus subg. Agathryon. Australian Biological Resources Study, Canberra. 192 pp."
"Kobresia sibirica", "Carex borealipolaris S.R. Zhang", "Global Carex Group. 2015. Making Carex monophyletic (Cyperaceae, tribe Cariceae): a new broader circumscription. Botanical Journal of the Linnean Society"
"Minuartia arctica", "Cherleria arctica (Steven ex Seringe) A.J. Moore & Dillenberger", "Moore, A.J. & M.S. Dillenberger. 2017: A conspectus of the genus Cherleria (Minuartia s.l., Caryophyllaceae). Willdenowia 47: 5–14"
"Minuartia rossii", "Sabulina rossii (R. Brown ex Richardson) Dillenberger & Kadereit", "Dillinger, M. & J.W. Kadereit. 2014. Maximum polyphyly: Multiple origins and delimitation with plesiomorphic characters require a new circumscription of Minuartia (Caryophyllaceae). Taxon 63(1): 64-88"
"Papaver macounii subsp. discolor", "Papaver keelei A.E. Porsild", "Solstad, H. 2009. Taxonomy and evolution of the diploid and polyploid Papaver sect. Meconella (Papaveraceae). PhD. Thesis Nr. 822. Faculty of Mathematics and Natural Sciences, University of Oslo. Oslo."
"Papaver radicatum subsp. polare", "Papaver dahlianum Nordhagen", "Solstad, H. 2009. Taxonomy and evolution of the diploid and polyploid Papaver sect. Meconella (Papaveraceae). PhD. Thesis Nr. 822. Faculty of Mathematics and Natural Sciences, University of Oslo. Oslo."
"Stuckenia filiformis subsp. filiformis", "Stuckenia filiformis (Persoon) Börner", "FNA Editorial Committee. 2000. Flora of North America north of Mexico. Volume 22: Magnoliophyta: Alismatidae Arecidae, Commelinidae (in Part), and Zingiberidae. Oxford University Press, New York."
"Synthyris borealis", "Veronica alaskensis M.M. Martinéz Ortega & Albach", "Albach, D.C., M.M. Martinez-Ortega, M.A. Fischer & M.W. Chase. 2004. A new classification of the tribe Veroniceae-problems and a possible solution. Taxon 53 (2): 429-452."
"Transberingia bursifolia subsp. bursifolia", "Crucihimalaya bursifolia (de Candolle) D.A. German & A.L. Ebel", "Missouri Botanical Garden. 2011+. Tropicos.org.  www.tropicos.org"
"Hieracium lactucella", "Pilosella lactucella (Wallroth) P.D. Sell & C. West", "Hand, R., Kilian, N. & E. von Raab-Straube (eds.). 2009- (continuously updated). International Cichorieae Network: Cichorieae Portal. http://wp6-cichorieae.e-taxonomy.eu/portal (consulted 2010-05-27)"
"Potamogeton oblongus", "Potamogeton polygonifolius Pourret", "ITIS. 2010. Integrated Taxonomic Information System (ITIS). http://www.itis.gov (consulted 2010)"
"Woodwardia areolata", "Lorinseria areolata (Linnaeus) C. Presl", "Hassler, M. & B. Schmidt. 2014+. World Ferns. worldplants.webarchiv.kit.edu/ferns/index.php"
"Boechera canadensis", "Borodinia canadensis (Linnaeus) P.J. Alexander & Windham", "Alexander, P.J., M.D. Windham, J.B. Beck, I. Al-Shehbaz, L. Allpin & C.D. Bailey. 2013. Molecular phylogenetics and taxonomy of the genus Boechera and related genera (Brassicaceae: Boechereae). Systematic Botany 36: 192-209."
"Minuartia marcescens", "Cherleria marcescens (Fernald) A.J. Moore & Dillenberger", "Moore, A.J. & M.S. Dillenberger. 2017: A conspectus of the genus Cherleria (Minuartia s.l., Caryophyllaceae). Willdenowia 47: 5–14"
"Potamogeton pusillus subsp. gemmiparus", "Potamogeton berchtoldii subsp. gemmiparus (J.W. Robbins) Les & Tippery", "Les, D.H., N.M. Murray & N.P. Tippery. 2009. Systematics of two imperiled pondweeds ( Potamogeton vaseyi, P. gemmiparus) and taxonomic ramifications for subsection Pusilli (Potamogetonaceae). Systematic Botany 34: 643-651"
"Pseudorchis albida subsp. straminea", "Pseudorchis straminea (Fernald) Sojak", "Missouri Botanical Garden. 2011+. Tropicos.org.  www.tropicos.org"
"Sedum rupestre", "Petrosedum rupestre (Linnaeus) P.V. Heath", "International Plant Names Index (IPNI). 2004+. http://www.ipni.org/index.html"
"Solidago simplex var. chlorolepis", "Solidago chlorolepis Fernald", "Semple, J.C. & J.A. Peirson. 2013. A revised nomenclature for the Solidago simplex complex (Asteraceae: Astereae). Phytoneuron 2013-41. 1-"
"Solidago simplex var. monticola", "Solidago randii (Porter) Britton", "Semple, J.C. & J.A. Peirson. 2013. A revised nomenclature for the Solidago simplex complex (Asteraceae: Astereae). Phytoneuron 2013-41. 1-"
"×dupoa labradorica", "×Duarctopoa labradorica (Steudel) Soreng & L.J. Gillespie", "Gillespie, L.J., R.J. Soreng, R.D. Bull, S.W L. Jacob & N.F. Refulio-Rodriguez. 2008. Phylogenetic relationships in subtribe Poinae (Poaceae, Poeae) based on nuclear ITS and plastid trnT-trnL-trnF sequences. Botany 86: 938-967."
